CREATE DATABASE  IF NOT EXISTS `boleteria_db` /*!40100 DEFAULT CHARACTER SET utf8mb4 COLLATE utf8mb4_0900_ai_ci */ /*!80016 DEFAULT ENCRYPTION='N' */;
USE `boleteria_db`;
-- MySQL dump 10.13  Distrib 8.0.30, for Win64 (x86_64)
--
-- Host: localhost    Database: boleteria_db
-- ------------------------------------------------------
-- Server version	8.0.30

/*!40101 SET @OLD_CHARACTER_SET_CLIENT=@@CHARACTER_SET_CLIENT */;
/*!40101 SET @OLD_CHARACTER_SET_RESULTS=@@CHARACTER_SET_RESULTS */;
/*!40101 SET @OLD_COLLATION_CONNECTION=@@COLLATION_CONNECTION */;
/*!50503 SET NAMES utf8 */;
/*!40103 SET @OLD_TIME_ZONE=@@TIME_ZONE */;
/*!40103 SET TIME_ZONE='+00:00' */;
/*!40014 SET @OLD_UNIQUE_CHECKS=@@UNIQUE_CHECKS, UNIQUE_CHECKS=0 */;
/*!40014 SET @OLD_FOREIGN_KEY_CHECKS=@@FOREIGN_KEY_CHECKS, FOREIGN_KEY_CHECKS=0 */;
/*!40101 SET @OLD_SQL_MODE=@@SQL_MODE, SQL_MODE='NO_AUTO_VALUE_ON_ZERO' */;
/*!40111 SET @OLD_SQL_NOTES=@@SQL_NOTES, SQL_NOTES=0 */;

--
-- Table structure for table `asientos`
--

DROP TABLE IF EXISTS `asientos`;
/*!40101 SET @saved_cs_client     = @@character_set_client */;
/*!50503 SET character_set_client = utf8mb4 */;
CREATE TABLE `asientos` (
  `idAsientos` int NOT NULL AUTO_INCREMENT,
  `idColectivo` int NOT NULL,
  `numero` int DEFAULT NULL,
  `lado` varchar(10) DEFAULT NULL,
  `nombreCorto` varchar(2) DEFAULT NULL,
  `estado` int DEFAULT '0',
  PRIMARY KEY (`idAsientos`),
  KEY `idColectivo` (`idColectivo`),
  CONSTRAINT `asientos_ibfk_1` FOREIGN KEY (`idColectivo`) REFERENCES `colectivos` (`idColectivos`)
) ENGINE=InnoDB AUTO_INCREMENT=801 DEFAULT CHARSET=utf8mb4 COLLATE=utf8mb4_0900_ai_ci;
/*!40101 SET character_set_client = @saved_cs_client */;

--
-- Dumping data for table `asientos`
--

LOCK TABLES `asientos` WRITE;
/*!40000 ALTER TABLE `asientos` DISABLE KEYS */;
INSERT INTO `asientos` VALUES (1,1,1,'Ventanilla','V',1),(2,1,2,'Ventanilla','V',1),(3,1,3,'Pasillo','P',1),(4,1,4,'Ventanilla','V',1),(5,1,5,'Pasillo','P',1),(6,1,6,'Ventanilla','V',1),(7,1,7,'Pasillo','P',1),(8,1,8,'Ventanilla','V',1),(9,1,9,'Pasillo','P',1),(10,1,10,'Ventanilla','V',1),(11,1,11,'Pasillo','P',1),(12,1,12,'Ventanilla','V',1),(13,1,13,'Pasillo','P',1),(14,1,14,'Ventanilla','V',1),(15,1,15,'Pasillo','P',1),(16,1,16,'Ventanilla','V',1),(17,1,17,'Pasillo','P',1),(18,1,18,'Ventanilla','V',1),(19,1,19,'Pasillo','P',1),(20,1,20,'Ventanilla','V',1),(21,1,21,'Pasillo','P',1),(22,1,22,'Ventanilla','V',1),(23,1,23,'Pasillo','P',1),(24,1,24,'Ventanilla','V',1),(25,1,25,'Pasillo','P',1),(26,1,26,'Ventanilla','V',1),(27,1,27,'Pasillo','P',1),(28,1,28,'Ventanilla','V',1),(29,1,29,'Pasillo','P',1),(30,1,30,'Ventanilla','V',1),(31,1,31,'Pasillo','P',1),(32,1,32,'Ventanilla','V',1),(33,1,33,'Pasillo','P',1),(34,1,34,'Ventanilla','V',1),(35,1,35,'Pasillo','P',1),(36,1,36,'Ventanilla','V',1),(37,1,37,'Centro','C',1),(38,1,38,'Centro','C',1),(39,1,39,'Centro','C',1),(40,1,40,'Ventanilla','V',1),(41,2,1,'Ventanilla','V',0),(42,2,2,'Ventanilla','V',0),(43,2,3,'Pasillo','P',0),(44,2,4,'Ventanilla','V',1),(45,2,5,'Pasillo','P',1),(46,2,6,'Ventanilla','V',1),(47,2,7,'Pasillo','P',1),(48,2,8,'Ventanilla','V',1),(49,2,9,'Pasillo','P',1),(50,2,10,'Ventanilla','V',1),(51,2,11,'Pasillo','P',1),(52,2,12,'Ventanilla','V',1),(53,2,13,'Pasillo','P',1),(54,2,14,'Ventanilla','V',1),(55,2,15,'Pasillo','P',1),(56,2,16,'Ventanilla','V',1),(57,2,17,'Pasillo','P',1),(58,2,18,'Ventanilla','V',1),(59,2,19,'Pasillo','P',1),(60,2,20,'Ventanilla','V',1),(61,2,21,'Pasillo','P',1),(62,2,22,'Ventanilla','V',1),(63,2,23,'Pasillo','P',1),(64,2,24,'Ventanilla','V',1),(65,2,25,'Pasillo','P',1),(66,2,26,'Ventanilla','V',1),(67,2,27,'Pasillo','P',1),(68,2,28,'Ventanilla','V',1),(69,2,29,'Pasillo','P',1),(70,2,30,'Ventanilla','V',1),(71,2,31,'Pasillo','P',1),(72,2,32,'Ventanilla','V',1),(73,2,33,'Pasillo','P',1),(74,2,34,'Ventanilla','V',1),(75,2,35,'Pasillo','P',1),(76,2,36,'Ventanilla','V',1),(77,2,37,'Pasillo','P',1),(78,2,38,'Ventanilla','V',1),(79,2,39,'Pasillo','P',1),(80,2,40,'Ventanilla','V',1),(81,2,41,'Centro','C',1),(82,2,42,'Centro','C',1),(83,2,43,'Centro','C',0),(84,2,44,'Ventanilla','V',0),(85,3,1,'Ventanilla','V',0),(86,3,2,'Ventanilla','V',0),(87,3,3,'Pasillo','P',1),(88,3,4,'Ventanilla','V',1),(89,3,5,'Pasillo','P',1),(90,3,6,'Ventanilla','V',1),(91,3,7,'Pasillo','P',1),(92,3,8,'Ventanilla','V',1),(93,3,9,'Pasillo','P',1),(94,3,10,'Ventanilla','V',1),(95,3,11,'Pasillo','P',1),(96,3,12,'Ventanilla','V',1),(97,3,13,'Pasillo','P',1),(98,3,14,'Ventanilla','V',1),(99,3,15,'Pasillo','P',1),(100,3,16,'Ventanilla','V',1),(101,3,17,'Pasillo','P',1),(102,3,18,'Ventanilla','V',1),(103,3,19,'Pasillo','P',1),(104,3,20,'Ventanilla','V',1),(105,3,21,'Pasillo','P',1),(106,3,22,'Ventanilla','V',1),(107,3,23,'Pasillo','P',1),(108,3,24,'Ventanilla','V',1),(109,3,25,'Pasillo','P',1),(110,3,26,'Ventanilla','V',1),(111,3,27,'Pasillo','P',1),(112,3,28,'Ventanilla','V',1),(113,3,29,'Pasillo','P',1),(114,3,30,'Ventanilla','V',1),(115,3,31,'Pasillo','P',1),(116,3,32,'Ventanilla','V',1),(117,3,33,'Pasillo','P',1),(118,3,34,'Ventanilla','V',1),(119,3,35,'Pasillo','P',1),(120,3,36,'Ventanilla','V',1),(121,3,37,'Pasillo','P',1),(122,3,38,'Ventanilla','V',1),(123,3,39,'Pasillo','P',1),(124,3,40,'Ventanilla','V',1),(125,3,41,'Centro','C',1),(126,3,42,'Centro','C',0),(127,3,43,'Centro','C',0),(128,3,44,'Ventanilla','V',0),(129,4,1,'Ventanilla','V',0),(130,4,2,'Ventanilla','V',0),(131,4,3,'Pasillo','P',1),(132,4,4,'Ventanilla','V',1),(133,4,5,'Pasillo','P',1),(134,4,6,'Ventanilla','V',1),(135,4,7,'Pasillo','P',1),(136,4,8,'Ventanilla','V',1),(137,4,9,'Pasillo','P',1),(138,4,10,'Ventanilla','V',1),(139,4,11,'Pasillo','P',1),(140,4,12,'Ventanilla','V',1),(141,4,13,'Pasillo','P',1),(142,4,14,'Ventanilla','V',1),(143,4,15,'Pasillo','P',1),(144,4,16,'Ventanilla','V',1),(145,4,17,'Pasillo','P',1),(146,4,18,'Ventanilla','V',1),(147,4,19,'Pasillo','P',1),(148,4,20,'Ventanilla','V',1),(149,4,21,'Pasillo','P',1),(150,4,22,'Ventanilla','V',1),(151,4,23,'Pasillo','P',1),(152,4,24,'Ventanilla','V',1),(153,4,25,'Pasillo','P',1),(154,4,26,'Ventanilla','V',1),(155,4,27,'Pasillo','P',1),(156,4,28,'Ventanilla','V',1),(157,4,29,'Pasillo','P',1),(158,4,30,'Ventanilla','V',1),(159,4,31,'Pasillo','P',1),(160,4,32,'Ventanilla','V',1),(161,4,33,'Pasillo','P',1),(162,4,34,'Ventanilla','V',1),(163,4,35,'Pasillo','P',1),(164,4,36,'Ventanilla','V',1),(165,4,37,'Pasillo','P',1),(166,4,38,'Ventanilla','V',1),(167,4,39,'Pasillo','P',1),(168,4,40,'Ventanilla','V',1),(169,4,41,'Centro','C',1),(170,4,42,'Centro','C',0),(171,4,43,'Centro','C',0),(172,4,44,'Ventanilla','V',0),(173,5,1,'Ventanilla','V',0),(174,5,2,'Ventanilla','V',0),(175,5,3,'Pasillo','P',0),(176,5,4,'Ventanilla','V',0),(177,5,5,'Pasillo','P',0),(178,5,6,'Ventanilla','V',1),(179,5,7,'Pasillo','P',1),(180,5,8,'Ventanilla','V',1),(181,5,9,'Pasillo','P',1),(182,5,10,'Ventanilla','V',1),(183,5,11,'Pasillo','P',1),(184,5,12,'Ventanilla','V',1),(185,5,13,'Pasillo','P',1),(186,5,14,'Ventanilla','V',1),(187,5,15,'Pasillo','P',1),(188,5,16,'Ventanilla','V',1),(189,5,17,'Pasillo','P',1),(190,5,18,'Ventanilla','V',1),(191,5,19,'Pasillo','P',1),(192,5,20,'Ventanilla','V',1),(193,5,21,'Pasillo','P',1),(194,5,22,'Ventanilla','V',1),(195,5,23,'Pasillo','P',1),(196,5,24,'Ventanilla','V',1),(197,5,25,'Pasillo','P',1),(198,5,26,'Ventanilla','V',1),(199,5,27,'Pasillo','P',1),(200,5,28,'Ventanilla','V',1),(201,5,29,'Pasillo','P',1),(202,5,30,'Ventanilla','V',1),(203,5,31,'Pasillo','P',1),(204,5,32,'Ventanilla','V',1),(205,5,33,'Pasillo','P',1),(206,5,34,'Ventanilla','V',1),(207,5,35,'Pasillo','P',1),(208,5,36,'Ventanilla','V',1),(209,5,37,'Pasillo','P',1),(210,5,38,'Ventanilla','V',1),(211,5,39,'Pasillo','P',1),(212,5,40,'Ventanilla','V',1),(213,5,41,'Centro','C',1),(214,5,42,'Centro','C',1),(215,5,43,'Centro','C',1),(216,5,44,'Ventanilla','V',1),(217,6,1,'Ventanilla','V',0),(218,6,2,'Ventanilla','V',0),(219,6,3,'Pasillo','P',1),(220,6,4,'Ventanilla','V',1),(221,6,5,'Pasillo','P',1),(222,6,6,'Ventanilla','V',1),(223,6,7,'Pasillo','P',1),(224,6,8,'Ventanilla','V',1),(225,6,9,'Pasillo','P',1),(226,6,10,'Ventanilla','V',1),(227,6,11,'Pasillo','P',1),(228,6,12,'Ventanilla','V',1),(229,6,13,'Pasillo','P',1),(230,6,14,'Ventanilla','V',1),(231,6,15,'Pasillo','P',1),(232,6,16,'Ventanilla','V',1),(233,6,17,'Pasillo','P',1),(234,6,18,'Ventanilla','V',1),(235,6,19,'Pasillo','P',1),(236,6,20,'Ventanilla','V',1),(237,6,21,'Pasillo','P',1),(238,6,22,'Ventanilla','V',1),(239,6,23,'Pasillo','P',1),(240,6,24,'Ventanilla','V',1),(241,6,25,'Pasillo','P',1),(242,6,26,'Ventanilla','V',1),(243,6,27,'Pasillo','P',1),(244,6,28,'Ventanilla','V',1),(245,6,29,'Pasillo','P',1),(246,6,30,'Ventanilla','V',1),(247,6,31,'Pasillo','P',1),(248,6,32,'Ventanilla','V',1),(249,6,33,'Pasillo','P',1),(250,6,34,'Ventanilla','V',1),(251,6,35,'Pasillo','P',1),(252,6,36,'Ventanilla','V',1),(253,6,37,'Pasillo','P',1),(254,6,38,'Ventanilla','V',1),(255,6,39,'Pasillo','P',1),(256,6,40,'Ventanilla','V',1),(257,6,41,'Centro','C',1),(258,6,42,'Centro','C',0),(259,6,43,'Centro','C',0),(260,6,44,'Ventanilla','V',0),(261,7,1,'Ventanilla','V',0),(262,7,2,'Ventanilla','V',0),(263,7,3,'Pasillo','P',1),(264,7,4,'Ventanilla','V',1),(265,7,5,'Pasillo','P',1),(266,7,6,'Ventanilla','V',1),(267,7,7,'Pasillo','P',1),(268,7,8,'Ventanilla','V',1),(269,7,9,'Pasillo','P',1),(270,7,10,'Ventanilla','V',1),(271,7,11,'Pasillo','P',1),(272,7,12,'Ventanilla','V',1),(273,7,13,'Pasillo','P',1),(274,7,14,'Ventanilla','V',1),(275,7,15,'Pasillo','P',1),(276,7,16,'Ventanilla','V',1),(277,7,17,'Pasillo','P',1),(278,7,18,'Ventanilla','V',1),(279,7,19,'Pasillo','P',1),(280,7,20,'Ventanilla','V',1),(281,7,21,'Pasillo','P',1),(282,7,22,'Ventanilla','V',1),(283,7,23,'Pasillo','P',1),(284,7,24,'Ventanilla','V',1),(285,7,25,'Pasillo','P',1),(286,7,26,'Ventanilla','V',1),(287,7,27,'Pasillo','P',1),(288,7,28,'Ventanilla','V',1),(289,7,29,'Pasillo','P',1),(290,7,30,'Ventanilla','V',1),(291,7,31,'Pasillo','P',1),(292,7,32,'Ventanilla','V',1),(293,7,33,'Pasillo','P',1),(294,7,34,'Ventanilla','V',1),(295,7,35,'Pasillo','P',1),(296,7,36,'Ventanilla','V',1),(297,7,37,'Pasillo','P',1),(298,7,38,'Ventanilla','V',1),(299,7,39,'Pasillo','P',1),(300,7,40,'Ventanilla','V',1),(301,7,41,'Centro','C',1),(302,7,42,'Centro','C',0),(303,7,43,'Centro','C',0),(304,7,44,'Ventanilla','V',0),(305,8,1,'Ventanilla','V',1),(306,8,2,'Ventanilla','V',1),(307,8,3,'Pasillo','P',1),(308,8,4,'Ventanilla','V',0),(309,8,5,'Pasillo','P',1),(310,8,6,'Ventanilla','V',1),(311,8,7,'Pasillo','P',1),(312,8,8,'Ventanilla','V',1),(313,8,9,'Pasillo','P',1),(314,8,10,'Ventanilla','V',1),(315,8,11,'Pasillo','P',1),(316,8,12,'Ventanilla','V',1),(317,8,13,'Pasillo','P',1),(318,8,14,'Ventanilla','V',1),(319,8,15,'Pasillo','P',1),(320,8,16,'Ventanilla','V',1),(321,8,17,'Pasillo','P',1),(322,8,18,'Ventanilla','V',1),(323,8,19,'Pasillo','P',1),(324,8,20,'Ventanilla','V',1),(325,8,21,'Pasillo','P',1),(326,8,22,'Ventanilla','V',1),(327,8,23,'Pasillo','P',1),(328,8,24,'Ventanilla','V',1),(329,8,25,'Pasillo','P',1),(330,8,26,'Ventanilla','V',1),(331,8,27,'Pasillo','P',1),(332,8,28,'Ventanilla','V',1),(333,8,29,'Pasillo','P',1),(334,8,30,'Ventanilla','V',1),(335,8,31,'Pasillo','P',1),(336,8,32,'Ventanilla','V',1),(337,8,33,'Pasillo','P',1),(338,8,34,'Ventanilla','V',1),(339,8,35,'Pasillo','P',1),(340,8,36,'Ventanilla','V',1),(341,8,37,'Centro','C',1),(342,8,38,'Centro','C',1),(343,8,39,'Centro','C',1),(344,8,40,'Ventanilla','V',1),(345,9,1,'Ventanilla','V',1),(346,9,2,'Ventanilla','V',0),(347,9,3,'Pasillo','P',1),(348,9,4,'Ventanilla','V',1),(349,9,5,'Pasillo','P',1),(350,9,6,'Ventanilla','V',1),(351,9,7,'Pasillo','P',1),(352,9,8,'Ventanilla','V',1),(353,9,9,'Pasillo','P',1),(354,9,10,'Ventanilla','V',1),(355,9,11,'Pasillo','P',1),(356,9,12,'Ventanilla','V',1),(357,9,13,'Pasillo','P',1),(358,9,14,'Ventanilla','V',1),(359,9,15,'Pasillo','P',1),(360,9,16,'Ventanilla','V',1),(361,9,17,'Pasillo','P',1),(362,9,18,'Ventanilla','V',1),(363,9,19,'Pasillo','P',1),(364,9,20,'Ventanilla','V',1),(365,9,21,'Pasillo','P',1),(366,9,22,'Ventanilla','V',1),(367,9,23,'Pasillo','P',1),(368,9,24,'Ventanilla','V',1),(369,9,25,'Pasillo','P',1),(370,9,26,'Ventanilla','V',1),(371,9,27,'Pasillo','P',1),(372,9,28,'Ventanilla','V',1),(373,9,29,'Pasillo','P',1),(374,9,30,'Ventanilla','V',1),(375,9,31,'Pasillo','P',1),(376,9,32,'Ventanilla','V',1),(377,9,33,'Pasillo','P',1),(378,9,34,'Ventanilla','V',1),(379,9,35,'Pasillo','P',1),(380,9,36,'Ventanilla','V',1),(381,9,37,'Centro','C',1),(382,9,38,'Centro','C',1),(383,9,39,'Centro','C',1),(384,9,40,'Ventanilla','V',1),(385,10,1,'Ventanilla','V',0),(386,10,2,'Ventanilla','V',1),(387,10,3,'Pasillo','P',1),(388,10,4,'Ventanilla','V',1),(389,10,5,'Pasillo','P',1),(390,10,6,'Ventanilla','V',1),(391,10,7,'Pasillo','P',1),(392,10,8,'Ventanilla','V',1),(393,10,9,'Pasillo','P',1),(394,10,10,'Ventanilla','V',1),(395,10,11,'Pasillo','P',1),(396,10,12,'Ventanilla','V',1),(397,10,13,'Pasillo','P',1),(398,10,14,'Ventanilla','V',1),(399,10,15,'Pasillo','P',1),(400,10,16,'Ventanilla','V',1),(401,10,17,'Pasillo','P',1),(402,10,18,'Ventanilla','V',1),(403,10,19,'Pasillo','P',1),(404,10,20,'Ventanilla','V',1),(405,10,21,'Pasillo','P',1),(406,10,22,'Ventanilla','V',1),(407,10,23,'Pasillo','P',1),(408,10,24,'Ventanilla','V',1),(409,10,25,'Pasillo','P',1),(410,10,26,'Ventanilla','V',1),(411,10,27,'Pasillo','P',1),(412,10,28,'Ventanilla','V',1),(413,10,29,'Pasillo','P',1),(414,10,30,'Ventanilla','V',1),(415,10,31,'Pasillo','P',1),(416,10,32,'Ventanilla','V',1),(417,10,33,'Pasillo','P',1),(418,10,34,'Ventanilla','V',1),(419,10,35,'Pasillo','P',1),(420,10,36,'Ventanilla','V',1),(421,10,37,'Centro','C',1),(422,10,38,'Centro','C',1),(423,10,39,'Centro','C',1),(424,10,40,'Ventanilla','V',1),(425,11,1,'Ventanilla','V',1),(426,11,2,'Ventanilla','V',1),(427,11,3,'Pasillo','P',1),(428,11,4,'Ventanilla','V',1),(429,11,5,'Pasillo','P',1),(430,11,6,'Ventanilla','V',1),(431,11,7,'Pasillo','P',1),(432,11,8,'Ventanilla','V',1),(433,11,9,'Pasillo','P',1),(434,11,10,'Ventanilla','V',1),(435,11,11,'Pasillo','P',1),(436,11,12,'Ventanilla','V',1),(437,11,13,'Pasillo','P',1),(438,11,14,'Ventanilla','V',1),(439,11,15,'Pasillo','P',1),(440,11,16,'Ventanilla','V',1),(441,11,17,'Pasillo','P',1),(442,11,18,'Ventanilla','V',1),(443,11,19,'Pasillo','P',1),(444,11,20,'Ventanilla','V',1),(445,11,21,'Pasillo','P',1),(446,11,22,'Ventanilla','V',1),(447,11,23,'Pasillo','P',1),(448,11,24,'Ventanilla','V',1),(449,11,25,'Pasillo','P',1),(450,11,26,'Ventanilla','V',1),(451,11,27,'Pasillo','P',1),(452,11,28,'Ventanilla','V',1),(453,11,29,'Pasillo','P',1),(454,11,30,'Ventanilla','V',1),(455,11,31,'Pasillo','P',1),(456,11,32,'Ventanilla','V',1),(457,11,33,'Pasillo','P',1),(458,11,34,'Ventanilla','V',1),(459,11,35,'Pasillo','P',1),(460,11,36,'Ventanilla','V',1),(461,11,37,'Pasillo','P',1),(462,11,38,'Ventanilla','V',1),(463,11,39,'Pasillo','P',1),(464,11,40,'Ventanilla','V',0),(465,11,41,'Centro','C',0),(466,11,42,'Centro','C',0),(467,11,43,'Centro','C',0),(468,11,44,'Ventanilla','V',0),(469,12,1,'Ventanilla','V',0),(470,12,2,'Ventanilla','V',1),(471,12,3,'Pasillo','P',1),(472,12,4,'Ventanilla','V',1),(473,12,5,'Pasillo','P',1),(474,12,6,'Ventanilla','V',1),(475,12,7,'Pasillo','P',1),(476,12,8,'Ventanilla','V',1),(477,12,9,'Pasillo','P',1),(478,12,10,'Ventanilla','V',1),(479,12,11,'Pasillo','P',1),(480,12,12,'Ventanilla','V',1),(481,12,13,'Pasillo','P',1),(482,12,14,'Ventanilla','V',1),(483,12,15,'Pasillo','P',1),(484,12,16,'Ventanilla','V',1),(485,12,17,'Pasillo','P',1),(486,12,18,'Ventanilla','V',1),(487,12,19,'Pasillo','P',1),(488,12,20,'Ventanilla','V',1),(489,12,21,'Pasillo','P',1),(490,12,22,'Ventanilla','V',1),(491,12,23,'Pasillo','P',1),(492,12,24,'Ventanilla','V',1),(493,12,25,'Pasillo','P',1),(494,12,26,'Ventanilla','V',1),(495,12,27,'Pasillo','P',1),(496,12,28,'Ventanilla','V',1),(497,12,29,'Pasillo','P',1),(498,12,30,'Ventanilla','V',1),(499,12,31,'Pasillo','P',1),(500,12,32,'Ventanilla','V',1),(501,12,33,'Pasillo','P',1),(502,12,34,'Ventanilla','V',1),(503,12,35,'Pasillo','P',1),(504,12,36,'Ventanilla','V',1),(505,12,37,'Centro','C',1),(506,12,38,'Centro','C',1),(507,12,39,'Centro','C',1),(508,12,40,'Ventanilla','V',1),(509,13,1,'Ventanilla','V',1),(510,13,2,'Ventanilla','V',1),(511,13,3,'Pasillo','P',1),(512,13,4,'Ventanilla','V',1),(513,13,5,'Pasillo','P',1),(514,13,6,'Ventanilla','V',1),(515,13,7,'Pasillo','P',1),(516,13,8,'Ventanilla','V',1),(517,13,9,'Pasillo','P',1),(518,13,10,'Ventanilla','V',1),(519,13,11,'Pasillo','P',1),(520,13,12,'Ventanilla','V',1),(521,13,13,'Pasillo','P',1),(522,13,14,'Ventanilla','V',1),(523,13,15,'Pasillo','P',1),(524,13,16,'Ventanilla','V',1),(525,13,17,'Pasillo','P',1),(526,13,18,'Ventanilla','V',1),(527,13,19,'Pasillo','P',1),(528,13,20,'Ventanilla','V',1),(529,13,21,'Pasillo','P',1),(530,13,22,'Ventanilla','V',1),(531,13,23,'Pasillo','P',1),(532,13,24,'Ventanilla','V',1),(533,13,25,'Pasillo','P',1),(534,13,26,'Ventanilla','V',1),(535,13,27,'Pasillo','P',1),(536,13,28,'Ventanilla','V',1),(537,13,29,'Pasillo','P',1),(538,13,30,'Ventanilla','V',1),(539,13,31,'Pasillo','P',1),(540,13,32,'Ventanilla','V',1),(541,13,33,'Pasillo','P',1),(542,13,34,'Ventanilla','V',1),(543,13,35,'Pasillo','P',1),(544,13,36,'Ventanilla','V',1),(545,13,37,'Centro','C',1),(546,13,38,'Centro','C',1),(547,13,39,'Centro','C',1),(548,13,40,'Ventanilla','V',0),(549,14,1,'Ventanilla','V',0),(550,14,2,'Ventanilla','V',1),(551,14,3,'Pasillo','P',1),(552,14,4,'Ventanilla','V',1),(553,14,5,'Pasillo','P',1),(554,14,6,'Ventanilla','V',1),(555,14,7,'Pasillo','P',1),(556,14,8,'Ventanilla','V',1),(557,14,9,'Pasillo','P',1),(558,14,10,'Ventanilla','V',1),(559,14,11,'Pasillo','P',1),(560,14,12,'Ventanilla','V',1),(561,14,13,'Pasillo','P',1),(562,14,14,'Ventanilla','V',1),(563,14,15,'Pasillo','P',1),(564,14,16,'Ventanilla','V',1),(565,14,17,'Pasillo','P',1),(566,14,18,'Ventanilla','V',1),(567,14,19,'Pasillo','P',1),(568,14,20,'Ventanilla','V',1),(569,14,21,'Pasillo','P',1),(570,14,22,'Ventanilla','V',1),(571,14,23,'Pasillo','P',1),(572,14,24,'Ventanilla','V',1),(573,14,25,'Pasillo','P',1),(574,14,26,'Ventanilla','V',1),(575,14,27,'Pasillo','P',1),(576,14,28,'Ventanilla','V',1),(577,14,29,'Pasillo','P',1),(578,14,30,'Ventanilla','V',1),(579,14,31,'Pasillo','P',1),(580,14,32,'Ventanilla','V',1),(581,14,33,'Pasillo','P',1),(582,14,34,'Ventanilla','V',1),(583,14,35,'Pasillo','P',1),(584,14,36,'Ventanilla','V',1),(585,14,37,'Centro','C',1),(586,14,38,'Centro','C',1),(587,14,39,'Centro','C',1),(588,14,40,'Ventanilla','V',1),(589,15,1,'Ventanilla','V',1),(590,15,2,'Ventanilla','V',1),(591,15,3,'Pasillo','P',1),(592,15,4,'Ventanilla','V',1),(593,15,5,'Pasillo','P',1),(594,15,6,'Ventanilla','V',1),(595,15,7,'Pasillo','P',1),(596,15,8,'Ventanilla','V',1),(597,15,9,'Pasillo','P',1),(598,15,10,'Ventanilla','V',1),(599,15,11,'Pasillo','P',1),(600,15,12,'Ventanilla','V',1),(601,15,13,'Pasillo','P',1),(602,15,14,'Ventanilla','V',1),(603,15,15,'Pasillo','P',1),(604,15,16,'Ventanilla','V',1),(605,15,17,'Pasillo','P',1),(606,15,18,'Ventanilla','V',1),(607,15,19,'Pasillo','P',1),(608,15,20,'Ventanilla','V',1),(609,15,21,'Pasillo','P',1),(610,15,22,'Ventanilla','V',1),(611,15,23,'Pasillo','P',1),(612,15,24,'Ventanilla','V',1),(613,15,25,'Pasillo','P',1),(614,15,26,'Ventanilla','V',1),(615,15,27,'Pasillo','P',1),(616,15,28,'Ventanilla','V',1),(617,15,29,'Pasillo','P',1),(618,15,30,'Ventanilla','V',1),(619,15,31,'Pasillo','P',1),(620,15,32,'Ventanilla','V',1),(621,15,33,'Pasillo','P',1),(622,15,34,'Ventanilla','V',1),(623,15,35,'Pasillo','P',1),(624,15,36,'Ventanilla','V',1),(625,15,37,'Pasillo','P',1),(626,15,38,'Ventanilla','V',1),(627,15,39,'Pasillo','P',1),(628,15,40,'Ventanilla','V',0),(629,15,41,'Centro','C',0),(630,15,42,'Centro','C',0),(631,15,43,'Centro','C',0),(632,15,44,'Ventanilla','V',0),(633,16,1,'Ventanilla','V',0),(634,16,2,'Ventanilla','V',0),(635,16,3,'Pasillo','P',1),(636,16,4,'Ventanilla','V',1),(637,16,5,'Pasillo','P',1),(638,16,6,'Ventanilla','V',1),(639,16,7,'Pasillo','P',1),(640,16,8,'Ventanilla','V',1),(641,16,9,'Pasillo','P',1),(642,16,10,'Ventanilla','V',1),(643,16,11,'Pasillo','P',1),(644,16,12,'Ventanilla','V',1),(645,16,13,'Pasillo','P',1),(646,16,14,'Ventanilla','V',1),(647,16,15,'Pasillo','P',1),(648,16,16,'Ventanilla','V',1),(649,16,17,'Pasillo','P',1),(650,16,18,'Ventanilla','V',1),(651,16,19,'Pasillo','P',1),(652,16,20,'Ventanilla','V',1),(653,16,21,'Pasillo','P',1),(654,16,22,'Ventanilla','V',1),(655,16,23,'Pasillo','P',1),(656,16,24,'Ventanilla','V',1),(657,16,25,'Pasillo','P',1),(658,16,26,'Ventanilla','V',1),(659,16,27,'Pasillo','P',1),(660,16,28,'Ventanilla','V',1),(661,16,29,'Pasillo','P',1),(662,16,30,'Ventanilla','V',1),(663,16,31,'Pasillo','P',1),(664,16,32,'Ventanilla','V',1),(665,16,33,'Pasillo','P',1),(666,16,34,'Ventanilla','V',1),(667,16,35,'Pasillo','P',1),(668,16,36,'Ventanilla','V',1),(669,16,37,'Pasillo','P',1),(670,16,38,'Ventanilla','V',1),(671,16,39,'Pasillo','P',1),(672,16,40,'Ventanilla','V',1),(673,16,41,'Centro','C',1),(674,16,42,'Centro','C',0),(675,16,43,'Centro','C',0),(676,16,44,'Ventanilla','V',0),(677,17,1,'Ventanilla','V',1),(678,17,2,'Ventanilla','V',1),(679,17,3,'Pasillo','P',1),(680,17,4,'Ventanilla','V',1),(681,17,5,'Pasillo','P',1),(682,17,6,'Ventanilla','V',1),(683,17,7,'Pasillo','P',1),(684,17,8,'Ventanilla','V',1),(685,17,9,'Pasillo','P',1),(686,17,10,'Ventanilla','V',1),(687,17,11,'Pasillo','P',1),(688,17,12,'Ventanilla','V',1),(689,17,13,'Pasillo','P',1),(690,17,14,'Ventanilla','V',1),(691,17,15,'Pasillo','P',1),(692,17,16,'Ventanilla','V',1),(693,17,17,'Pasillo','P',1),(694,17,18,'Ventanilla','V',1),(695,17,19,'Pasillo','P',1),(696,17,20,'Ventanilla','V',1),(697,17,21,'Pasillo','P',1),(698,17,22,'Ventanilla','V',1),(699,17,23,'Pasillo','P',1),(700,17,24,'Ventanilla','V',1),(701,17,25,'Pasillo','P',1),(702,17,26,'Ventanilla','V',1),(703,17,27,'Pasillo','P',1),(704,17,28,'Ventanilla','V',1),(705,17,29,'Pasillo','P',1),(706,17,30,'Ventanilla','V',1),(707,17,31,'Pasillo','P',1),(708,17,32,'Ventanilla','V',1),(709,17,33,'Pasillo','P',1),(710,17,34,'Ventanilla','V',1),(711,17,35,'Pasillo','P',1),(712,17,36,'Ventanilla','V',1),(713,17,37,'Pasillo','P',1),(714,17,38,'Ventanilla','V',1),(715,17,39,'Pasillo','P',1),(716,17,40,'Ventanilla','V',0),(717,17,41,'Centro','C',0),(718,17,42,'Centro','C',0),(719,17,43,'Centro','C',0),(720,17,44,'Ventanilla','V',0),(721,18,1,'Ventanilla','V',0),(722,18,2,'Ventanilla','V',1),(723,18,3,'Pasillo','P',1),(724,18,4,'Ventanilla','V',1),(725,18,5,'Pasillo','P',1),(726,18,6,'Ventanilla','V',1),(727,18,7,'Pasillo','P',1),(728,18,8,'Ventanilla','V',1),(729,18,9,'Pasillo','P',1),(730,18,10,'Ventanilla','V',1),(731,18,11,'Pasillo','P',1),(732,18,12,'Ventanilla','V',1),(733,18,13,'Pasillo','P',1),(734,18,14,'Ventanilla','V',1),(735,18,15,'Pasillo','P',1),(736,18,16,'Ventanilla','V',1),(737,18,17,'Pasillo','P',1),(738,18,18,'Ventanilla','V',1),(739,18,19,'Pasillo','P',1),(740,18,20,'Ventanilla','V',1),(741,18,21,'Pasillo','P',1),(742,18,22,'Ventanilla','V',1),(743,18,23,'Pasillo','P',1),(744,18,24,'Ventanilla','V',1),(745,18,25,'Pasillo','P',1),(746,18,26,'Ventanilla','V',1),(747,18,27,'Pasillo','P',1),(748,18,28,'Ventanilla','V',1),(749,18,29,'Pasillo','P',1),(750,18,30,'Ventanilla','V',1),(751,18,31,'Pasillo','P',1),(752,18,32,'Ventanilla','V',1),(753,18,33,'Pasillo','P',1),(754,18,34,'Ventanilla','V',1),(755,18,35,'Pasillo','P',1),(756,18,36,'Ventanilla','V',1),(757,18,37,'Centro','C',1),(758,18,38,'Centro','C',1),(759,18,39,'Centro','C',1),(760,18,40,'Ventanilla','V',1),(761,19,1,'Ventanilla','V',1),(762,19,2,'Ventanilla','V',1),(763,19,3,'Pasillo','P',1),(764,19,4,'Ventanilla','V',1),(765,19,5,'Pasillo','P',1),(766,19,6,'Ventanilla','V',1),(767,19,7,'Pasillo','P',1),(768,19,8,'Ventanilla','V',1),(769,19,9,'Pasillo','P',1),(770,19,10,'Ventanilla','V',1),(771,19,11,'Pasillo','P',1),(772,19,12,'Ventanilla','V',1),(773,19,13,'Pasillo','P',1),(774,19,14,'Ventanilla','V',1),(775,19,15,'Pasillo','P',1),(776,19,16,'Ventanilla','V',1),(777,19,17,'Pasillo','P',1),(778,19,18,'Ventanilla','V',1),(779,19,19,'Pasillo','P',1),(780,19,20,'Ventanilla','V',1),(781,19,21,'Pasillo','P',1),(782,19,22,'Ventanilla','V',1),(783,19,23,'Pasillo','P',1),(784,19,24,'Ventanilla','V',1),(785,19,25,'Pasillo','P',1),(786,19,26,'Ventanilla','V',1),(787,19,27,'Pasillo','P',1),(788,19,28,'Ventanilla','V',1),(789,19,29,'Pasillo','P',1),(790,19,30,'Ventanilla','V',1),(791,19,31,'Pasillo','P',1),(792,19,32,'Ventanilla','V',1),(793,19,33,'Pasillo','P',1),(794,19,34,'Ventanilla','V',1),(795,19,35,'Pasillo','P',1),(796,19,36,'Ventanilla','V',1),(797,19,37,'Centro','C',1),(798,19,38,'Centro','C',1),(799,19,39,'Centro','C',1),(800,19,40,'Ventanilla','V',0);
/*!40000 ALTER TABLE `asientos` ENABLE KEYS */;
UNLOCK TABLES;

--
-- Table structure for table `boleterias`
--

DROP TABLE IF EXISTS `boleterias`;
/*!40101 SET @saved_cs_client     = @@character_set_client */;
/*!50503 SET character_set_client = utf8mb4 */;
CREATE TABLE `boleterias` (
  `idBoleterias` int NOT NULL AUTO_INCREMENT,
  `nombre` varchar(500) DEFAULT NULL,
  `direccion` varchar(100) DEFAULT NULL,
  `numero` int DEFAULT NULL,
  `localidad` varchar(150) DEFAULT NULL,
  PRIMARY KEY (`idBoleterias`)
) ENGINE=InnoDB AUTO_INCREMENT=21 DEFAULT CHARSET=utf8mb4 COLLATE=utf8mb4_0900_ai_ci;
/*!40101 SET character_set_client = @saved_cs_client */;

--
-- Dumping data for table `boleterias`
--

LOCK TABLES `boleterias` WRITE;
/*!40000 ALTER TABLE `boleterias` DISABLE KEYS */;
INSERT INTO `boleterias` VALUES (1,'Boleteria 1','SANTA FE',1412,'SAN MIGUEL DE TUCUMAN'),(2,'Boleteria 2','SAN MARTIN JOSE DE GRAL.',4,'SAN MIGUEL DE TUCUMAN'),(3,'Boleteria 3','SAN JUAN',1479,'SAN MIGUEL DE TUCUMAN'),(4,'Boleteria 4','ROJO GRAL.',3099,'LULES'),(5,'Boleteria 5','RIO BERMEJO',1995,'LULES'),(6,'Boleteria 6','PIEDRABUENA L.',6080,'FAMAILLA'),(7,'Boleteria 7','PERON PRES.',2092,'FAMAILLA'),(8,'Boleteria 8','MORTEO AV.',55,'MONTEROS'),(9,'Boleteria 9','MITRE BARTOLOME AV.',580,'MONTEROS'),(10,'Boleteria 10','LLAVALLOL FELIPE',3600,'MONTEROS'),(11,'Boleteria 11','JUAN XXIII',3498,'CONCEPCION'),(12,'Boleteria 12','ITALIA',7353,'CONCEPCION'),(13,'Boleteria 13','DEL TRABAJO',1383,'CONCEPCION'),(14,'Boleteria 14','CRISTIANIA',5849,'CONCEPCION'),(15,'Boleteria 15','CONQUISTA DEL DESIERTO',436,'CONCEPCION'),(16,'Boleteria 16','CALLE 42',429,'AGUILARES'),(17,'Boleteria 17','B MITRE',1310,'AGUILARES'),(18,'Boleteria 18','AV DEL ARROYO',140,'ALBERDI'),(19,'Boleteria 19','ALEM LEANDRO N.',631,'ALBERDI'),(20,'Boleteria 20','9 DE JULIO',4045,'LA COCHA');
/*!40000 ALTER TABLE `boleterias` ENABLE KEYS */;
UNLOCK TABLES;

--
-- Table structure for table `boletos`
--

DROP TABLE IF EXISTS `boletos`;
/*!40101 SET @saved_cs_client     = @@character_set_client */;
/*!50503 SET character_set_client = utf8mb4 */;
CREATE TABLE `boletos` (
  `idBoletos` int NOT NULL AUTO_INCREMENT,
  `idAsiento` int NOT NULL,
  `idBoleteria` int NOT NULL,
  `idViaje` int NOT NULL,
  `nroBoleto` int DEFAULT NULL,
  `fecha` datetime DEFAULT NULL,
  PRIMARY KEY (`idBoletos`),
  KEY `idAsiento_idx` (`idAsiento`),
  KEY `idBoleteria_idx` (`idBoleteria`),
  KEY `idViaje_idx` (`idViaje`),
  CONSTRAINT `idAsiento` FOREIGN KEY (`idAsiento`) REFERENCES `asientos` (`idAsientos`),
  CONSTRAINT `idBoleteria` FOREIGN KEY (`idBoleteria`) REFERENCES `boleterias` (`idBoleterias`),
  CONSTRAINT `idViaje` FOREIGN KEY (`idViaje`) REFERENCES `viajes` (`idViajes`)
) ENGINE=InnoDB AUTO_INCREMENT=1561 DEFAULT CHARSET=utf8mb4 COLLATE=utf8mb4_0900_ai_ci;
/*!40101 SET character_set_client = @saved_cs_client */;

--
-- Dumping data for table `boletos`
--

LOCK TABLES `boletos` WRITE;
/*!40000 ALTER TABLE `boletos` DISABLE KEYS */;
INSERT INTO `boletos` VALUES (1,4,1,1,10001,'2022-09-01 06:00:00'),(2,5,1,1,10002,'2022-09-01 06:00:00'),(3,6,1,1,10003,'2022-09-01 06:00:00'),(4,7,1,1,10004,'2022-09-01 06:00:00'),(5,8,1,1,10005,'2022-09-01 06:00:00'),(6,9,1,1,10006,'2022-09-01 06:00:00'),(7,10,1,1,10007,'2022-09-01 06:00:00'),(8,11,1,1,10008,'2022-09-01 06:00:00'),(9,12,1,1,10009,'2022-09-01 06:00:00'),(10,13,1,1,10010,'2022-09-01 06:00:00'),(11,14,1,1,10011,'2022-09-01 06:00:00'),(12,15,1,1,10012,'2022-09-01 06:00:00'),(13,16,1,1,10013,'2022-09-01 06:00:00'),(14,17,1,1,10014,'2022-09-01 06:00:00'),(15,18,1,1,10015,'2022-09-01 06:00:00'),(16,19,1,1,10016,'2022-09-01 06:00:00'),(17,20,1,1,10017,'2022-09-01 06:00:00'),(18,21,1,1,10018,'2022-09-01 06:00:00'),(19,22,1,1,10019,'2022-09-01 06:00:00'),(20,23,1,1,10020,'2022-09-01 06:00:00'),(21,24,1,1,10021,'2022-09-01 06:00:00'),(22,25,1,1,10022,'2022-09-01 06:00:00'),(23,26,1,1,10023,'2022-09-01 06:00:00'),(24,27,8,1,10024,'2022-09-01 06:00:00'),(25,28,8,1,10025,'2022-09-01 06:00:00'),(26,29,8,1,10026,'2022-09-01 06:00:00'),(27,30,8,1,10027,'2022-09-01 06:00:00'),(28,31,8,1,10028,'2022-09-01 06:00:00'),(29,32,8,1,10029,'2022-09-01 06:00:00'),(30,33,9,1,10030,'2022-09-01 06:00:00'),(31,34,11,1,10031,'2022-09-01 06:00:00'),(32,35,11,1,10032,'2022-09-01 06:00:00'),(33,36,14,1,10033,'2022-09-01 06:00:00'),(34,37,14,1,10034,'2022-09-01 06:00:00'),(35,38,14,1,10035,'2022-09-01 06:00:00'),(36,39,14,1,10036,'2022-09-01 06:00:00'),(37,40,14,1,10037,'2022-09-01 06:00:00'),(38,1,14,1,10038,'2022-09-01 06:00:00'),(39,2,14,1,10039,'2022-09-01 06:00:00'),(40,44,1,2,10040,'2022-09-01 06:45:00'),(41,45,1,2,10041,'2022-09-01 06:45:00'),(42,46,1,2,10042,'2022-09-01 06:45:00'),(43,47,1,2,10043,'2022-09-01 06:45:00'),(44,48,1,2,10044,'2022-09-01 06:45:00'),(45,49,1,2,10045,'2022-09-01 06:45:00'),(46,50,1,2,10046,'2022-09-01 06:45:00'),(47,51,1,2,10047,'2022-09-01 06:45:00'),(48,52,1,2,10048,'2022-09-01 06:45:00'),(49,53,1,2,10049,'2022-09-01 06:45:00'),(50,54,1,2,10050,'2022-09-01 06:45:00'),(51,55,1,2,10051,'2022-09-01 06:45:00'),(52,56,1,2,10052,'2022-09-01 06:45:00'),(53,57,1,2,10053,'2022-09-01 06:45:00'),(54,58,1,2,10054,'2022-09-01 06:45:00'),(55,59,1,2,10055,'2022-09-01 06:45:00'),(56,60,1,2,10056,'2022-09-01 06:45:00'),(57,61,1,2,10057,'2022-09-01 06:45:00'),(58,62,1,2,10058,'2022-09-01 06:45:00'),(59,63,1,2,10059,'2022-09-01 06:45:00'),(60,64,1,2,10060,'2022-09-01 06:45:00'),(61,65,1,2,10061,'2022-09-01 06:45:00'),(62,66,1,2,10062,'2022-09-01 06:45:00'),(63,67,8,2,10063,'2022-09-01 06:45:00'),(64,68,8,2,10064,'2022-09-01 06:45:00'),(65,69,8,2,10065,'2022-09-01 06:45:00'),(66,70,8,2,10066,'2022-09-01 06:45:00'),(67,71,8,2,10067,'2022-09-01 06:45:00'),(68,72,8,2,10068,'2022-09-01 06:45:00'),(69,73,9,2,10069,'2022-09-01 06:45:00'),(70,74,11,2,10070,'2022-09-01 06:45:00'),(71,75,11,2,10071,'2022-09-01 06:45:00'),(72,76,14,2,10072,'2022-09-01 06:45:00'),(73,77,14,2,10073,'2022-09-01 06:45:00'),(74,78,14,2,10074,'2022-09-01 06:45:00'),(75,79,14,2,10075,'2022-09-01 06:45:00'),(76,80,14,2,10076,'2022-09-01 06:45:00'),(77,81,14,2,10077,'2022-09-01 06:45:00'),(78,82,14,2,10078,'2022-09-01 06:45:00'),(79,87,1,3,10079,'2022-09-01 07:30:00'),(80,88,1,3,10080,'2022-09-01 07:30:00'),(81,89,1,3,10081,'2022-09-01 07:30:00'),(82,90,1,3,10082,'2022-09-01 07:30:00'),(83,91,1,3,10083,'2022-09-01 07:30:00'),(84,92,1,3,10084,'2022-09-01 07:30:00'),(85,93,1,3,10085,'2022-09-01 07:30:00'),(86,94,1,3,10086,'2022-09-01 07:30:00'),(87,95,1,3,10087,'2022-09-01 07:30:00'),(88,96,1,3,10088,'2022-09-01 07:30:00'),(89,97,1,3,10089,'2022-09-01 07:30:00'),(90,98,1,3,10090,'2022-09-01 07:30:00'),(91,99,1,3,10091,'2022-09-01 07:30:00'),(92,100,1,3,10092,'2022-09-01 07:30:00'),(93,101,1,3,10093,'2022-09-01 07:30:00'),(94,102,1,3,10094,'2022-09-01 07:30:00'),(95,103,1,3,10095,'2022-09-01 07:30:00'),(96,104,1,3,10096,'2022-09-01 07:30:00'),(97,105,1,3,10097,'2022-09-01 07:30:00'),(98,106,1,3,10098,'2022-09-01 07:30:00'),(99,107,1,3,10099,'2022-09-01 07:30:00'),(100,108,1,3,10100,'2022-09-01 07:30:00'),(101,109,1,3,10101,'2022-09-01 07:30:00'),(102,110,8,3,10102,'2022-09-01 07:30:00'),(103,111,8,3,10103,'2022-09-01 07:30:00'),(104,112,8,3,10104,'2022-09-01 07:30:00'),(105,113,8,3,10105,'2022-09-01 07:30:00'),(106,114,8,3,10106,'2022-09-01 07:30:00'),(107,115,8,3,10107,'2022-09-01 07:30:00'),(108,116,9,3,10108,'2022-09-01 07:30:00'),(109,117,11,3,10109,'2022-09-01 07:30:00'),(110,118,11,3,10110,'2022-09-01 07:30:00'),(111,119,14,3,10111,'2022-09-01 07:30:00'),(112,120,14,3,10112,'2022-09-01 07:30:00'),(113,121,14,3,10113,'2022-09-01 07:30:00'),(114,122,14,3,10114,'2022-09-01 07:30:00'),(115,123,14,3,10115,'2022-09-01 07:30:00'),(116,124,14,3,10116,'2022-09-01 07:30:00'),(117,125,14,3,10117,'2022-09-01 07:30:00'),(118,131,1,4,10118,'2022-09-01 08:15:00'),(119,132,1,4,10119,'2022-09-01 08:15:00'),(120,133,1,4,10120,'2022-09-01 08:15:00'),(121,134,1,4,10121,'2022-09-01 08:15:00'),(122,135,1,4,10122,'2022-09-01 08:15:00'),(123,136,1,4,10123,'2022-09-01 08:15:00'),(124,137,1,4,10124,'2022-09-01 08:15:00'),(125,138,1,4,10125,'2022-09-01 08:15:00'),(126,139,1,4,10126,'2022-09-01 08:15:00'),(127,140,1,4,10127,'2022-09-01 08:15:00'),(128,141,1,4,10128,'2022-09-01 08:15:00'),(129,142,1,4,10129,'2022-09-01 08:15:00'),(130,143,1,4,10130,'2022-09-01 08:15:00'),(131,144,1,4,10131,'2022-09-01 08:15:00'),(132,145,1,4,10132,'2022-09-01 08:15:00'),(133,146,1,4,10133,'2022-09-01 08:15:00'),(134,147,1,4,10134,'2022-09-01 08:15:00'),(135,148,1,4,10135,'2022-09-01 08:15:00'),(136,149,1,4,10136,'2022-09-01 08:15:00'),(137,150,1,4,10137,'2022-09-01 08:15:00'),(138,151,1,4,10138,'2022-09-01 08:15:00'),(139,152,1,4,10139,'2022-09-01 08:15:00'),(140,153,1,4,10140,'2022-09-01 08:15:00'),(141,154,8,4,10141,'2022-09-01 08:15:00'),(142,155,8,4,10142,'2022-09-01 08:15:00'),(143,156,8,4,10143,'2022-09-01 08:15:00'),(144,157,8,4,10144,'2022-09-01 08:15:00'),(145,158,8,4,10145,'2022-09-01 08:15:00'),(146,159,8,4,10146,'2022-09-01 08:15:00'),(147,160,9,4,10147,'2022-09-01 08:15:00'),(148,161,11,4,10148,'2022-09-01 08:15:00'),(149,162,11,4,10149,'2022-09-01 08:15:00'),(150,163,14,4,10150,'2022-09-01 08:15:00'),(151,164,14,4,10151,'2022-09-01 08:15:00'),(152,165,14,4,10152,'2022-09-01 08:15:00'),(153,166,14,4,10153,'2022-09-01 08:15:00'),(154,167,14,4,10154,'2022-09-01 08:15:00'),(155,168,14,4,10155,'2022-09-01 08:15:00'),(156,169,14,4,10156,'2022-09-01 08:15:00'),(157,178,1,5,10157,'2022-09-01 09:00:00'),(158,179,1,5,10158,'2022-09-01 09:00:00'),(159,180,1,5,10159,'2022-09-01 09:00:00'),(160,181,1,5,10160,'2022-09-01 09:00:00'),(161,182,1,5,10161,'2022-09-01 09:00:00'),(162,183,1,5,10162,'2022-09-01 09:00:00'),(163,184,1,5,10163,'2022-09-01 09:00:00'),(164,185,1,5,10164,'2022-09-01 09:00:00'),(165,186,1,5,10165,'2022-09-01 09:00:00'),(166,187,1,5,10166,'2022-09-01 09:00:00'),(167,188,1,5,10167,'2022-09-01 09:00:00'),(168,189,1,5,10168,'2022-09-01 09:00:00'),(169,190,1,5,10169,'2022-09-01 09:00:00'),(170,191,1,5,10170,'2022-09-01 09:00:00'),(171,192,1,5,10171,'2022-09-01 09:00:00'),(172,193,1,5,10172,'2022-09-01 09:00:00'),(173,194,1,5,10173,'2022-09-01 09:00:00'),(174,195,1,5,10174,'2022-09-01 09:00:00'),(175,196,1,5,10175,'2022-09-01 09:00:00'),(176,197,1,5,10176,'2022-09-01 09:00:00'),(177,198,1,5,10177,'2022-09-01 09:00:00'),(178,199,1,5,10178,'2022-09-01 09:00:00'),(179,200,1,5,10179,'2022-09-01 09:00:00'),(180,201,8,5,10180,'2022-09-01 09:00:00'),(181,202,8,5,10181,'2022-09-01 09:00:00'),(182,203,8,5,10182,'2022-09-01 09:00:00'),(183,204,8,5,10183,'2022-09-01 09:00:00'),(184,205,8,5,10184,'2022-09-01 09:00:00'),(185,206,8,5,10185,'2022-09-01 09:00:00'),(186,207,9,5,10186,'2022-09-01 09:00:00'),(187,208,11,5,10187,'2022-09-01 09:00:00'),(188,209,11,5,10188,'2022-09-01 09:00:00'),(189,210,14,5,10189,'2022-09-01 09:00:00'),(190,211,14,5,10190,'2022-09-01 09:00:00'),(191,212,14,5,10191,'2022-09-01 09:00:00'),(192,213,14,5,10192,'2022-09-01 09:00:00'),(193,214,14,5,10193,'2022-09-01 09:00:00'),(194,215,14,5,10194,'2022-09-01 09:00:00'),(195,216,14,5,10195,'2022-09-01 09:00:00'),(196,219,1,6,10196,'2022-09-01 09:45:00'),(197,220,1,6,10197,'2022-09-01 09:45:00'),(198,221,1,6,10198,'2022-09-01 09:45:00'),(199,222,1,6,10199,'2022-09-01 09:45:00'),(200,223,1,6,10200,'2022-09-01 09:45:00'),(201,224,1,6,10201,'2022-09-01 09:45:00'),(202,225,1,6,10202,'2022-09-01 09:45:00'),(203,226,1,6,10203,'2022-09-01 09:45:00'),(204,227,1,6,10204,'2022-09-01 09:45:00'),(205,228,1,6,10205,'2022-09-01 09:45:00'),(206,229,1,6,10206,'2022-09-01 09:45:00'),(207,230,1,6,10207,'2022-09-01 09:45:00'),(208,231,1,6,10208,'2022-09-01 09:45:00'),(209,232,1,6,10209,'2022-09-01 09:45:00'),(210,233,1,6,10210,'2022-09-01 09:45:00'),(211,234,1,6,10211,'2022-09-01 09:45:00'),(212,235,1,6,10212,'2022-09-01 09:45:00'),(213,236,1,6,10213,'2022-09-01 09:45:00'),(214,237,1,6,10214,'2022-09-01 09:45:00'),(215,238,1,6,10215,'2022-09-01 09:45:00'),(216,239,1,6,10216,'2022-09-01 09:45:00'),(217,240,1,6,10217,'2022-09-01 09:45:00'),(218,241,1,6,10218,'2022-09-01 09:45:00'),(219,242,8,6,10219,'2022-09-01 09:45:00'),(220,243,8,6,10220,'2022-09-01 09:45:00'),(221,244,8,6,10221,'2022-09-01 09:45:00'),(222,245,8,6,10222,'2022-09-01 09:45:00'),(223,246,8,6,10223,'2022-09-01 09:45:00'),(224,247,8,6,10224,'2022-09-01 09:45:00'),(225,248,9,6,10225,'2022-09-01 09:45:00'),(226,249,11,6,10226,'2022-09-01 09:45:00'),(227,250,11,6,10227,'2022-09-01 09:45:00'),(228,251,14,6,10228,'2022-09-01 09:45:00'),(229,252,14,6,10229,'2022-09-01 09:45:00'),(230,253,14,6,10230,'2022-09-01 09:45:00'),(231,254,14,6,10231,'2022-09-01 09:45:00'),(232,255,14,6,10232,'2022-09-01 09:45:00'),(233,256,14,6,10233,'2022-09-01 09:45:00'),(234,257,14,6,10234,'2022-09-01 09:45:00'),(235,263,1,7,10235,'2022-09-01 10:30:00'),(236,264,1,7,10236,'2022-09-01 10:30:00'),(237,265,1,7,10237,'2022-09-01 10:30:00'),(238,266,1,7,10238,'2022-09-01 10:30:00'),(239,267,1,7,10239,'2022-09-01 10:30:00'),(240,268,1,7,10240,'2022-09-01 10:30:00'),(241,269,1,7,10241,'2022-09-01 10:30:00'),(242,270,1,7,10242,'2022-09-01 10:30:00'),(243,271,1,7,10243,'2022-09-01 10:30:00'),(244,272,1,7,10244,'2022-09-01 10:30:00'),(245,273,1,7,10245,'2022-09-01 10:30:00'),(246,274,1,7,10246,'2022-09-01 10:30:00'),(247,275,1,7,10247,'2022-09-01 10:30:00'),(248,276,1,7,10248,'2022-09-01 10:30:00'),(249,277,1,7,10249,'2022-09-01 10:30:00'),(250,278,1,7,10250,'2022-09-01 10:30:00'),(251,279,1,7,10251,'2022-09-01 10:30:00'),(252,280,1,7,10252,'2022-09-01 10:30:00'),(253,281,1,7,10253,'2022-09-01 10:30:00'),(254,282,1,7,10254,'2022-09-01 10:30:00'),(255,283,1,7,10255,'2022-09-01 10:30:00'),(256,284,1,7,10256,'2022-09-01 10:30:00'),(257,285,1,7,10257,'2022-09-01 10:30:00'),(258,286,8,7,10258,'2022-09-01 10:30:00'),(259,287,8,7,10259,'2022-09-01 10:30:00'),(260,288,8,7,10260,'2022-09-01 10:30:00'),(261,289,8,7,10261,'2022-09-01 10:30:00'),(262,290,8,7,10262,'2022-09-01 10:30:00'),(263,291,8,7,10263,'2022-09-01 10:30:00'),(264,292,9,7,10264,'2022-09-01 10:30:00'),(265,293,11,7,10265,'2022-09-01 10:30:00'),(266,294,11,7,10266,'2022-09-01 10:30:00'),(267,295,14,7,10267,'2022-09-01 10:30:00'),(268,296,14,7,10268,'2022-09-01 10:30:00'),(269,297,14,7,10269,'2022-09-01 10:30:00'),(270,298,14,7,10270,'2022-09-01 10:30:00'),(271,299,14,7,10271,'2022-09-01 10:30:00'),(272,300,14,7,10272,'2022-09-01 10:30:00'),(273,301,14,7,10273,'2022-09-01 10:30:00'),(274,309,1,7,10274,'2022-09-01 11:15:00'),(275,310,1,7,10275,'2022-09-01 11:15:00'),(276,311,1,7,10276,'2022-09-01 11:15:00'),(277,312,1,7,10277,'2022-09-01 11:15:00'),(278,313,1,7,10278,'2022-09-01 11:15:00'),(279,314,1,7,10279,'2022-09-01 11:15:00'),(280,315,1,7,10280,'2022-09-01 11:15:00'),(281,316,1,7,10281,'2022-09-01 11:15:00'),(282,317,1,7,10282,'2022-09-01 11:15:00'),(283,318,1,7,10283,'2022-09-01 11:15:00'),(284,319,1,7,10284,'2022-09-01 11:15:00'),(285,320,1,7,10285,'2022-09-01 11:15:00'),(286,321,1,7,10286,'2022-09-01 11:15:00'),(287,322,1,7,10287,'2022-09-01 11:15:00'),(288,323,1,7,10288,'2022-09-01 11:15:00'),(289,324,1,7,10289,'2022-09-01 11:15:00'),(290,325,1,7,10290,'2022-09-01 11:15:00'),(291,326,1,7,10291,'2022-09-01 11:15:00'),(292,327,1,7,10292,'2022-09-01 11:15:00'),(293,328,1,7,10293,'2022-09-01 11:15:00'),(294,329,1,7,10294,'2022-09-01 11:15:00'),(295,330,1,7,10295,'2022-09-01 11:15:00'),(296,331,1,7,10296,'2022-09-01 11:15:00'),(297,332,8,7,10297,'2022-09-01 11:15:00'),(298,333,8,7,10298,'2022-09-01 11:15:00'),(299,334,8,7,10299,'2022-09-01 11:15:00'),(300,335,8,7,10300,'2022-09-01 11:15:00'),(301,336,8,7,10301,'2022-09-01 11:15:00'),(302,337,8,7,10302,'2022-09-01 11:15:00'),(303,338,9,7,10303,'2022-09-01 11:15:00'),(304,339,11,7,10304,'2022-09-01 11:15:00'),(305,340,11,7,10305,'2022-09-01 11:15:00'),(306,341,14,7,10306,'2022-09-01 11:15:00'),(307,342,14,7,10307,'2022-09-01 11:15:00'),(308,343,14,7,10308,'2022-09-01 11:15:00'),(309,344,14,7,10309,'2022-09-01 11:15:00'),(310,305,14,7,10310,'2022-09-01 11:15:00'),(311,306,14,7,10311,'2022-09-01 11:15:00'),(312,307,14,7,10312,'2022-09-01 11:15:00'),(313,347,1,8,10313,'2022-09-01 12:00:00'),(314,348,1,8,10314,'2022-09-01 12:00:00'),(315,349,1,8,10315,'2022-09-01 12:00:00'),(316,350,1,8,10316,'2022-09-01 12:00:00'),(317,351,1,8,10317,'2022-09-01 12:00:00'),(318,352,1,8,10318,'2022-09-01 12:00:00'),(319,353,1,8,10319,'2022-09-01 12:00:00'),(320,354,1,8,10320,'2022-09-01 12:00:00'),(321,355,1,8,10321,'2022-09-01 12:00:00'),(322,356,1,8,10322,'2022-09-01 12:00:00'),(323,357,1,8,10323,'2022-09-01 12:00:00'),(324,358,1,8,10324,'2022-09-01 12:00:00'),(325,359,1,8,10325,'2022-09-01 12:00:00'),(326,360,1,8,10326,'2022-09-01 12:00:00'),(327,361,1,8,10327,'2022-09-01 12:00:00'),(328,362,1,8,10328,'2022-09-01 12:00:00'),(329,363,1,8,10329,'2022-09-01 12:00:00'),(330,364,1,8,10330,'2022-09-01 12:00:00'),(331,365,1,8,10331,'2022-09-01 12:00:00'),(332,366,1,8,10332,'2022-09-01 12:00:00'),(333,367,1,8,10333,'2022-09-01 12:00:00'),(334,368,1,8,10334,'2022-09-01 12:00:00'),(335,369,1,8,10335,'2022-09-01 12:00:00'),(336,370,8,8,10336,'2022-09-01 12:00:00'),(337,371,8,8,10337,'2022-09-01 12:00:00'),(338,372,8,8,10338,'2022-09-01 12:00:00'),(339,373,8,8,10339,'2022-09-01 12:00:00'),(340,374,8,8,10340,'2022-09-01 12:00:00'),(341,375,8,8,10341,'2022-09-01 12:00:00'),(342,376,9,8,10342,'2022-09-01 12:00:00'),(343,377,11,8,10343,'2022-09-01 12:00:00'),(344,378,11,8,10344,'2022-09-01 12:00:00'),(345,379,14,8,10345,'2022-09-01 12:00:00'),(346,380,14,8,10346,'2022-09-01 12:00:00'),(347,381,14,8,10347,'2022-09-01 12:00:00'),(348,382,14,8,10348,'2022-09-01 12:00:00'),(349,383,14,8,10349,'2022-09-01 12:00:00'),(350,384,14,8,10350,'2022-09-01 12:00:00'),(351,345,14,8,10351,'2022-09-01 12:00:00'),(352,386,1,9,10352,'2022-09-01 12:45:00'),(353,387,1,9,10353,'2022-09-01 12:45:00'),(354,388,1,9,10354,'2022-09-01 12:45:00'),(355,389,1,9,10355,'2022-09-01 12:45:00'),(356,390,1,9,10356,'2022-09-01 12:45:00'),(357,391,1,9,10357,'2022-09-01 12:45:00'),(358,392,1,9,10358,'2022-09-01 12:45:00'),(359,393,1,9,10359,'2022-09-01 12:45:00'),(360,394,1,9,10360,'2022-09-01 12:45:00'),(361,395,1,9,10361,'2022-09-01 12:45:00'),(362,396,1,9,10362,'2022-09-01 12:45:00'),(363,397,1,9,10363,'2022-09-01 12:45:00'),(364,398,1,9,10364,'2022-09-01 12:45:00'),(365,399,1,9,10365,'2022-09-01 12:45:00'),(366,400,1,9,10366,'2022-09-01 12:45:00'),(367,401,1,9,10367,'2022-09-01 12:45:00'),(368,402,1,9,10368,'2022-09-01 12:45:00'),(369,403,1,9,10369,'2022-09-01 12:45:00'),(370,404,1,9,10370,'2022-09-01 12:45:00'),(371,405,1,9,10371,'2022-09-01 12:45:00'),(372,406,1,9,10372,'2022-09-01 12:45:00'),(373,407,1,9,10373,'2022-09-01 12:45:00'),(374,408,1,9,10374,'2022-09-01 12:45:00'),(375,409,8,9,10375,'2022-09-01 12:45:00'),(376,410,8,9,10376,'2022-09-01 12:45:00'),(377,411,8,9,10377,'2022-09-01 12:45:00'),(378,412,8,9,10378,'2022-09-01 12:45:00'),(379,413,8,9,10379,'2022-09-01 12:45:00'),(380,414,8,9,10380,'2022-09-01 12:45:00'),(381,415,9,9,10381,'2022-09-01 12:45:00'),(382,416,11,9,10382,'2022-09-01 12:45:00'),(383,417,11,9,10383,'2022-09-01 12:45:00'),(384,418,14,9,10384,'2022-09-01 12:45:00'),(385,419,14,9,10385,'2022-09-01 12:45:00'),(386,420,14,9,10386,'2022-09-01 12:45:00'),(387,421,14,9,10387,'2022-09-01 12:45:00'),(388,422,14,9,10388,'2022-09-01 12:45:00'),(389,423,14,9,10389,'2022-09-01 12:45:00'),(390,424,14,9,10390,'2022-09-01 12:45:00'),(391,425,1,10,10391,'2022-09-01 13:30:00'),(392,426,1,10,10392,'2022-09-01 13:30:00'),(393,427,1,10,10393,'2022-09-01 13:30:00'),(394,428,1,10,10394,'2022-09-01 13:30:00'),(395,429,1,10,10395,'2022-09-01 13:30:00'),(396,430,1,10,10396,'2022-09-01 13:30:00'),(397,431,1,10,10397,'2022-09-01 13:30:00'),(398,432,1,10,10398,'2022-09-01 13:30:00'),(399,433,1,10,10399,'2022-09-01 13:30:00'),(400,434,1,10,10400,'2022-09-01 13:30:00'),(401,435,1,10,10401,'2022-09-01 13:30:00'),(402,436,1,10,10402,'2022-09-01 13:30:00'),(403,437,1,10,10403,'2022-09-01 13:30:00'),(404,438,1,10,10404,'2022-09-01 13:30:00'),(405,439,1,10,10405,'2022-09-01 13:30:00'),(406,440,1,10,10406,'2022-09-01 13:30:00'),(407,441,1,10,10407,'2022-09-01 13:30:00'),(408,442,1,10,10408,'2022-09-01 13:30:00'),(409,443,1,10,10409,'2022-09-01 13:30:00'),(410,444,1,10,10410,'2022-09-01 13:30:00'),(411,445,1,10,10411,'2022-09-01 13:30:00'),(412,446,1,10,10412,'2022-09-01 13:30:00'),(413,447,1,10,10413,'2022-09-01 13:30:00'),(414,448,8,10,10414,'2022-09-01 13:30:00'),(415,449,8,10,10415,'2022-09-01 13:30:00'),(416,450,8,10,10416,'2022-09-01 13:30:00'),(417,451,8,10,10417,'2022-09-01 13:30:00'),(418,452,8,10,10418,'2022-09-01 13:30:00'),(419,453,8,10,10419,'2022-09-01 13:30:00'),(420,454,9,10,10420,'2022-09-01 13:30:00'),(421,455,11,10,10421,'2022-09-01 13:30:00'),(422,456,11,10,10422,'2022-09-01 13:30:00'),(423,457,14,10,10423,'2022-09-01 13:30:00'),(424,458,14,10,10424,'2022-09-01 13:30:00'),(425,459,14,10,10425,'2022-09-01 13:30:00'),(426,460,14,10,10426,'2022-09-01 13:30:00'),(427,461,14,10,10427,'2022-09-01 13:30:00'),(428,462,14,10,10428,'2022-09-01 13:30:00'),(429,463,14,10,10429,'2022-09-01 13:30:00'),(430,470,1,11,10430,'2022-09-01 14:15:00'),(431,471,1,11,10431,'2022-09-01 14:15:00'),(432,472,1,11,10432,'2022-09-01 14:15:00'),(433,473,1,11,10433,'2022-09-01 14:15:00'),(434,474,1,11,10434,'2022-09-01 14:15:00'),(435,475,1,11,10435,'2022-09-01 14:15:00'),(436,476,1,11,10436,'2022-09-01 14:15:00'),(437,477,1,11,10437,'2022-09-01 14:15:00'),(438,478,1,11,10438,'2022-09-01 14:15:00'),(439,479,1,11,10439,'2022-09-01 14:15:00'),(440,480,1,11,10440,'2022-09-01 14:15:00'),(441,481,1,11,10441,'2022-09-01 14:15:00'),(442,482,1,11,10442,'2022-09-01 14:15:00'),(443,483,1,11,10443,'2022-09-01 14:15:00'),(444,484,1,11,10444,'2022-09-01 14:15:00'),(445,485,1,11,10445,'2022-09-01 14:15:00'),(446,486,1,11,10446,'2022-09-01 14:15:00'),(447,487,1,11,10447,'2022-09-01 14:15:00'),(448,488,1,11,10448,'2022-09-01 14:15:00'),(449,489,1,11,10449,'2022-09-01 14:15:00'),(450,490,1,11,10450,'2022-09-01 14:15:00'),(451,491,1,11,10451,'2022-09-01 14:15:00'),(452,492,1,11,10452,'2022-09-01 14:15:00'),(453,493,8,11,10453,'2022-09-01 14:15:00'),(454,494,8,11,10454,'2022-09-01 14:15:00'),(455,495,8,11,10455,'2022-09-01 14:15:00'),(456,496,8,11,10456,'2022-09-01 14:15:00'),(457,497,8,11,10457,'2022-09-01 14:15:00'),(458,498,8,11,10458,'2022-09-01 14:15:00'),(459,499,9,11,10459,'2022-09-01 14:15:00'),(460,500,11,11,10460,'2022-09-01 14:15:00'),(461,501,11,11,10461,'2022-09-01 14:15:00'),(462,502,14,11,10462,'2022-09-01 14:15:00'),(463,503,14,11,10463,'2022-09-01 14:15:00'),(464,504,14,11,10464,'2022-09-01 14:15:00'),(465,505,14,11,10465,'2022-09-01 14:15:00'),(466,506,14,11,10466,'2022-09-01 14:15:00'),(467,507,14,11,10467,'2022-09-01 14:15:00'),(468,508,14,11,10468,'2022-09-01 14:15:00'),(469,509,1,12,10469,'2022-09-01 17:00:00'),(470,510,1,12,10470,'2022-09-01 17:00:00'),(471,511,1,12,10471,'2022-09-01 17:00:00'),(472,512,1,12,10472,'2022-09-01 17:00:00'),(473,513,1,12,10473,'2022-09-01 17:00:00'),(474,514,1,12,10474,'2022-09-01 17:00:00'),(475,515,1,12,10475,'2022-09-01 17:00:00'),(476,516,1,12,10476,'2022-09-01 17:00:00'),(477,517,1,12,10477,'2022-09-01 17:00:00'),(478,518,1,12,10478,'2022-09-01 17:00:00'),(479,519,1,12,10479,'2022-09-01 17:00:00'),(480,520,1,12,10480,'2022-09-01 17:00:00'),(481,521,1,12,10481,'2022-09-01 17:00:00'),(482,522,1,12,10482,'2022-09-01 17:00:00'),(483,523,1,12,10483,'2022-09-01 17:00:00'),(484,524,1,12,10484,'2022-09-01 17:00:00'),(485,525,1,12,10485,'2022-09-01 17:00:00'),(486,526,1,12,10486,'2022-09-01 17:00:00'),(487,527,1,12,10487,'2022-09-01 17:00:00'),(488,528,1,12,10488,'2022-09-01 17:00:00'),(489,529,1,12,10489,'2022-09-01 17:00:00'),(490,530,1,12,10490,'2022-09-01 17:00:00'),(491,531,1,12,10491,'2022-09-01 17:00:00'),(492,532,8,12,10492,'2022-09-01 17:00:00'),(493,533,8,12,10493,'2022-09-01 17:00:00'),(494,534,8,12,10494,'2022-09-01 17:00:00'),(495,535,8,12,10495,'2022-09-01 17:00:00'),(496,536,8,12,10496,'2022-09-01 17:00:00'),(497,537,8,12,10497,'2022-09-01 17:00:00'),(498,538,9,12,10498,'2022-09-01 17:00:00'),(499,539,11,12,10499,'2022-09-01 17:00:00'),(500,540,11,12,10500,'2022-09-01 17:00:00'),(501,541,14,12,10501,'2022-09-01 17:00:00'),(502,542,14,12,10502,'2022-09-01 17:00:00'),(503,543,14,12,10503,'2022-09-01 17:00:00'),(504,544,14,12,10504,'2022-09-01 17:00:00'),(505,545,14,12,10505,'2022-09-01 17:00:00'),(506,546,14,12,10506,'2022-09-01 17:00:00'),(507,547,14,12,10507,'2022-09-01 17:00:00'),(508,550,1,13,10508,'2022-09-01 17:45:00'),(509,551,1,13,10509,'2022-09-01 17:45:00'),(510,552,1,13,10510,'2022-09-01 17:45:00'),(511,553,1,13,10511,'2022-09-01 17:45:00'),(512,554,1,13,10512,'2022-09-01 17:45:00'),(513,555,1,13,10513,'2022-09-01 17:45:00'),(514,556,1,13,10514,'2022-09-01 17:45:00'),(515,557,1,13,10515,'2022-09-01 17:45:00'),(516,558,1,13,10516,'2022-09-01 17:45:00'),(517,559,1,13,10517,'2022-09-01 17:45:00'),(518,560,1,13,10518,'2022-09-01 17:45:00'),(519,561,1,13,10519,'2022-09-01 17:45:00'),(520,562,1,13,10520,'2022-09-01 17:45:00'),(521,563,1,13,10521,'2022-09-01 17:45:00'),(522,564,1,13,10522,'2022-09-01 17:45:00'),(523,565,1,13,10523,'2022-09-01 17:45:00'),(524,566,1,13,10524,'2022-09-01 17:45:00'),(525,567,1,13,10525,'2022-09-01 17:45:00'),(526,568,1,13,10526,'2022-09-01 17:45:00'),(527,569,1,13,10527,'2022-09-01 17:45:00'),(528,570,1,13,10528,'2022-09-01 17:45:00'),(529,571,1,13,10529,'2022-09-01 17:45:00'),(530,572,1,13,10530,'2022-09-01 17:45:00'),(531,573,8,13,10531,'2022-09-01 17:45:00'),(532,574,8,13,10532,'2022-09-01 17:45:00'),(533,575,8,13,10533,'2022-09-01 17:45:00'),(534,576,8,13,10534,'2022-09-01 17:45:00'),(535,577,8,13,10535,'2022-09-01 17:45:00'),(536,578,8,13,10536,'2022-09-01 17:45:00'),(537,579,9,13,10537,'2022-09-01 17:45:00'),(538,580,11,13,10538,'2022-09-01 17:45:00'),(539,581,11,13,10539,'2022-09-01 17:45:00'),(540,582,14,13,10540,'2022-09-01 17:45:00'),(541,583,14,13,10541,'2022-09-01 17:45:00'),(542,584,14,13,10542,'2022-09-01 17:45:00'),(543,585,14,13,10543,'2022-09-01 17:45:00'),(544,586,14,13,10544,'2022-09-01 17:45:00'),(545,587,14,13,10545,'2022-09-01 17:45:00'),(546,588,14,13,10546,'2022-09-01 17:45:00'),(547,589,1,15,10547,'2022-09-01 18:30:00'),(548,590,1,14,10548,'2022-09-01 18:30:00'),(549,591,1,14,10549,'2022-09-01 18:30:00'),(550,592,1,14,10550,'2022-09-01 18:30:00'),(551,593,1,14,10551,'2022-09-01 18:30:00'),(552,594,1,14,10552,'2022-09-01 18:30:00'),(553,595,1,14,10553,'2022-09-01 18:30:00'),(554,596,1,14,10554,'2022-09-01 18:30:00'),(555,597,1,14,10555,'2022-09-01 18:30:00'),(556,598,1,14,10556,'2022-09-01 18:30:00'),(557,599,1,14,10557,'2022-09-01 18:30:00'),(558,600,1,14,10558,'2022-09-01 18:30:00'),(559,601,1,14,10559,'2022-09-01 18:30:00'),(560,602,1,14,10560,'2022-09-01 18:30:00'),(561,603,1,14,10561,'2022-09-01 18:30:00'),(562,604,1,14,10562,'2022-09-01 18:30:00'),(563,605,1,14,10563,'2022-09-01 18:30:00'),(564,606,1,14,10564,'2022-09-01 18:30:00'),(565,607,1,14,10565,'2022-09-01 18:30:00'),(566,608,1,14,10566,'2022-09-01 18:30:00'),(567,609,1,14,10567,'2022-09-01 18:30:00'),(568,610,1,14,10568,'2022-09-01 18:30:00'),(569,611,1,14,10569,'2022-09-01 18:30:00'),(570,612,8,14,10570,'2022-09-01 18:30:00'),(571,613,8,14,10571,'2022-09-01 18:30:00'),(572,614,8,14,10572,'2022-09-01 18:30:00'),(573,615,8,14,10573,'2022-09-01 18:30:00'),(574,616,8,14,10574,'2022-09-01 18:30:00'),(575,617,8,14,10575,'2022-09-01 18:30:00'),(576,618,9,14,10576,'2022-09-01 18:30:00'),(577,619,11,14,10577,'2022-09-01 18:30:00'),(578,620,11,14,10578,'2022-09-01 18:30:00'),(579,621,14,14,10579,'2022-09-01 18:30:00'),(580,622,14,14,10580,'2022-09-01 18:30:00'),(581,623,14,14,10581,'2022-09-01 18:30:00'),(582,624,14,14,10582,'2022-09-01 18:30:00'),(583,625,14,14,10583,'2022-09-01 18:30:00'),(584,626,14,14,10584,'2022-09-01 18:30:00'),(585,627,14,14,10585,'2022-09-01 18:30:00'),(586,635,1,15,10586,'2022-09-01 19:15:00'),(587,636,1,15,10587,'2022-09-01 19:15:00'),(588,637,1,15,10588,'2022-09-01 19:15:00'),(589,638,1,15,10589,'2022-09-01 19:15:00'),(590,639,1,15,10590,'2022-09-01 19:15:00'),(591,640,1,15,10591,'2022-09-01 19:15:00'),(592,641,1,15,10592,'2022-09-01 19:15:00'),(593,642,1,15,10593,'2022-09-01 19:15:00'),(594,643,1,15,10594,'2022-09-01 19:15:00'),(595,644,1,15,10595,'2022-09-01 19:15:00'),(596,645,1,15,10596,'2022-09-01 19:15:00'),(597,646,1,15,10597,'2022-09-01 19:15:00'),(598,647,1,15,10598,'2022-09-01 19:15:00'),(599,648,1,15,10599,'2022-09-01 19:15:00'),(600,649,1,15,10600,'2022-09-01 19:15:00'),(601,650,1,15,10601,'2022-09-01 19:15:00'),(602,651,1,15,10602,'2022-09-01 19:15:00'),(603,652,1,15,10603,'2022-09-01 19:15:00'),(604,653,1,15,10604,'2022-09-01 19:15:00'),(605,654,1,15,10605,'2022-09-01 19:15:00'),(606,655,1,15,10606,'2022-09-01 19:15:00'),(607,656,1,15,10607,'2022-09-01 19:15:00'),(608,657,1,15,10608,'2022-09-01 19:15:00'),(609,658,8,15,10609,'2022-09-01 19:15:00'),(610,659,8,15,10610,'2022-09-01 19:15:00'),(611,660,8,15,10611,'2022-09-01 19:15:00'),(612,661,8,15,10612,'2022-09-01 19:15:00'),(613,662,8,15,10613,'2022-09-01 19:15:00'),(614,663,8,15,10614,'2022-09-01 19:15:00'),(615,664,9,15,10615,'2022-09-01 19:15:00'),(616,665,11,15,10616,'2022-09-01 19:15:00'),(617,666,11,15,10617,'2022-09-01 19:15:00'),(618,667,14,15,10618,'2022-09-01 19:15:00'),(619,668,14,15,10619,'2022-09-01 19:15:00'),(620,669,14,15,10620,'2022-09-01 19:15:00'),(621,670,14,15,10621,'2022-09-01 19:15:00'),(622,671,14,15,10622,'2022-09-01 19:15:00'),(623,672,14,15,10623,'2022-09-01 19:15:00'),(624,673,14,15,10624,'2022-09-01 19:15:00'),(625,677,1,16,10625,'2022-09-01 20:00:00'),(626,678,1,16,10626,'2022-09-01 20:00:00'),(627,679,1,16,10627,'2022-09-01 20:00:00'),(628,680,1,16,10628,'2022-09-01 20:00:00'),(629,681,1,16,10629,'2022-09-01 20:00:00'),(630,682,1,16,10630,'2022-09-01 20:00:00'),(631,683,1,16,10631,'2022-09-01 20:00:00'),(632,684,1,16,10632,'2022-09-01 20:00:00'),(633,685,1,16,10633,'2022-09-01 20:00:00'),(634,686,1,16,10634,'2022-09-01 20:00:00'),(635,687,1,16,10635,'2022-09-01 20:00:00'),(636,688,1,16,10636,'2022-09-01 20:00:00'),(637,689,1,16,10637,'2022-09-01 20:00:00'),(638,690,1,16,10638,'2022-09-01 20:00:00'),(639,691,1,16,10639,'2022-09-01 20:00:00'),(640,692,1,16,10640,'2022-09-01 20:00:00'),(641,693,1,16,10641,'2022-09-01 20:00:00'),(642,694,1,16,10642,'2022-09-01 20:00:00'),(643,695,1,16,10643,'2022-09-01 20:00:00'),(644,696,1,16,10644,'2022-09-01 20:00:00'),(645,697,1,16,10645,'2022-09-01 20:00:00'),(646,698,1,16,10646,'2022-09-01 20:00:00'),(647,699,1,16,10647,'2022-09-01 20:00:00'),(648,700,8,16,10648,'2022-09-01 20:00:00'),(649,701,8,16,10649,'2022-09-01 20:00:00'),(650,702,8,16,10650,'2022-09-01 20:00:00'),(651,703,8,16,10651,'2022-09-01 20:00:00'),(652,704,8,16,10652,'2022-09-01 20:00:00'),(653,705,8,16,10653,'2022-09-01 20:00:00'),(654,706,9,16,10654,'2022-09-01 20:00:00'),(655,707,11,16,10655,'2022-09-01 20:00:00'),(656,708,11,16,10656,'2022-09-01 20:00:00'),(657,709,14,16,10657,'2022-09-01 20:00:00'),(658,710,14,16,10658,'2022-09-01 20:00:00'),(659,711,14,16,10659,'2022-09-01 20:00:00'),(660,712,14,16,10660,'2022-09-01 20:00:00'),(661,713,14,16,10661,'2022-09-01 20:00:00'),(662,714,14,16,10662,'2022-09-01 20:00:00'),(663,715,14,16,10663,'2022-09-01 20:00:00'),(664,722,1,17,10664,'2022-09-01 20:45:00'),(665,723,1,17,10665,'2022-09-01 20:45:00'),(666,724,1,17,10666,'2022-09-01 20:45:00'),(667,725,1,17,10667,'2022-09-01 20:45:00'),(668,726,1,17,10668,'2022-09-01 20:45:00'),(669,727,1,17,10669,'2022-09-01 20:45:00'),(670,728,1,17,10670,'2022-09-01 20:45:00'),(671,729,1,17,10671,'2022-09-01 20:45:00'),(672,730,1,17,10672,'2022-09-01 20:45:00'),(673,731,1,17,10673,'2022-09-01 20:45:00'),(674,732,1,17,10674,'2022-09-01 20:45:00'),(675,733,1,17,10675,'2022-09-01 20:45:00'),(676,734,1,17,10676,'2022-09-01 20:45:00'),(677,735,1,17,10677,'2022-09-01 20:45:00'),(678,736,1,17,10678,'2022-09-01 20:45:00'),(679,737,1,17,10679,'2022-09-01 20:45:00'),(680,738,1,17,10680,'2022-09-01 20:45:00'),(681,739,1,17,10681,'2022-09-01 20:45:00'),(682,740,1,17,10682,'2022-09-01 20:45:00'),(683,741,1,17,10683,'2022-09-01 20:45:00'),(684,742,1,17,10684,'2022-09-01 20:45:00'),(685,743,1,17,10685,'2022-09-01 20:45:00'),(686,744,1,17,10686,'2022-09-01 20:45:00'),(687,745,8,17,10687,'2022-09-01 20:45:00'),(688,746,8,17,10688,'2022-09-01 20:45:00'),(689,747,8,17,10689,'2022-09-01 20:45:00'),(690,748,8,17,10690,'2022-09-01 20:45:00'),(691,749,8,17,10691,'2022-09-01 20:45:00'),(692,750,8,17,10692,'2022-09-01 20:45:00'),(693,751,9,17,10693,'2022-09-01 20:45:00'),(694,752,11,17,10694,'2022-09-01 20:45:00'),(695,753,11,17,10695,'2022-09-01 20:45:00'),(696,754,14,17,10696,'2022-09-01 20:45:00'),(697,755,14,17,10697,'2022-09-01 20:45:00'),(698,756,14,17,10698,'2022-09-01 20:45:00'),(699,757,14,17,10699,'2022-09-01 20:45:00'),(700,758,14,17,10700,'2022-09-01 20:45:00'),(701,759,14,17,10701,'2022-09-01 20:45:00'),(702,760,14,17,10702,'2022-09-01 20:45:00'),(703,761,1,18,10703,'2022-09-01 21:15:00'),(704,762,1,18,10704,'2022-09-01 21:15:00'),(705,763,1,18,10705,'2022-09-01 21:15:00'),(706,764,1,18,10706,'2022-09-01 21:15:00'),(707,765,1,18,10707,'2022-09-01 21:15:00'),(708,766,1,18,10708,'2022-09-01 21:15:00'),(709,767,1,18,10709,'2022-09-01 21:15:00'),(710,768,1,18,10710,'2022-09-01 21:15:00'),(711,769,1,18,10711,'2022-09-01 21:15:00'),(712,770,1,18,10712,'2022-09-01 21:15:00'),(713,771,1,18,10713,'2022-09-01 21:15:00'),(714,772,1,18,10714,'2022-09-01 21:15:00'),(715,773,1,18,10715,'2022-09-01 21:15:00'),(716,774,1,18,10716,'2022-09-01 21:15:00'),(717,775,1,18,10717,'2022-09-01 21:15:00'),(718,776,1,18,10718,'2022-09-01 21:15:00'),(719,777,1,18,10719,'2022-09-01 21:15:00'),(720,778,1,18,10720,'2022-09-01 21:15:00'),(721,779,1,18,10721,'2022-09-01 21:15:00'),(722,780,1,18,10722,'2022-09-01 21:15:00'),(723,781,1,18,10723,'2022-09-01 21:15:00'),(724,782,1,18,10724,'2022-09-01 21:15:00'),(725,783,1,18,10725,'2022-09-01 21:15:00'),(726,784,8,18,10726,'2022-09-01 21:15:00'),(727,785,8,18,10727,'2022-09-01 21:15:00'),(728,786,8,18,10728,'2022-09-01 21:15:00'),(729,787,8,18,10729,'2022-09-01 21:15:00'),(730,788,8,18,10730,'2022-09-01 21:15:00'),(731,789,8,18,10731,'2022-09-01 21:15:00'),(732,790,9,18,10732,'2022-09-01 21:15:00'),(733,791,11,18,10733,'2022-09-01 21:15:00'),(734,792,11,18,10734,'2022-09-01 21:15:00'),(735,793,14,18,10735,'2022-09-01 21:15:00'),(736,794,14,18,10736,'2022-09-01 21:15:00'),(737,795,14,18,10737,'2022-09-01 21:15:00'),(738,796,14,18,10738,'2022-09-01 21:15:00'),(739,797,14,18,10739,'2022-09-01 21:15:00'),(740,798,14,18,10740,'2022-09-01 21:15:00'),(741,799,14,18,10741,'2022-09-01 21:15:00'),(742,4,1,19,10742,'2022-09-01 22:00:00'),(743,5,1,19,10743,'2022-09-01 22:00:00'),(744,6,1,19,10744,'2022-09-01 22:00:00'),(745,7,1,19,10745,'2022-09-01 22:00:00'),(746,8,1,19,10746,'2022-09-01 22:00:00'),(747,9,1,19,10747,'2022-09-01 22:00:00'),(748,10,1,19,10748,'2022-09-01 22:00:00'),(749,11,1,19,10749,'2022-09-01 22:00:00'),(750,12,1,19,10750,'2022-09-01 22:00:00'),(751,13,1,19,10751,'2022-09-01 22:00:00'),(752,14,1,19,10752,'2022-09-01 22:00:00'),(753,15,1,19,10753,'2022-09-01 22:00:00'),(754,16,1,19,10754,'2022-09-01 22:00:00'),(755,17,1,19,10755,'2022-09-01 22:00:00'),(756,18,1,19,10756,'2022-09-01 22:00:00'),(757,19,1,19,10757,'2022-09-01 22:00:00'),(758,20,1,19,10758,'2022-09-01 22:00:00'),(759,21,1,19,10759,'2022-09-01 22:00:00'),(760,22,1,19,10760,'2022-09-01 22:00:00'),(761,23,1,19,10761,'2022-09-01 22:00:00'),(762,24,1,19,10762,'2022-09-01 22:00:00'),(763,25,1,19,10763,'2022-09-01 22:00:00'),(764,26,1,19,10764,'2022-09-01 22:00:00'),(765,27,8,19,10765,'2022-09-01 22:00:00'),(766,28,8,19,10766,'2022-09-01 22:00:00'),(767,29,8,19,10767,'2022-09-01 22:00:00'),(768,30,8,19,10768,'2022-09-01 22:00:00'),(769,31,8,19,10769,'2022-09-01 22:00:00'),(770,32,8,19,10770,'2022-09-01 22:00:00'),(771,33,9,19,10771,'2022-09-01 22:00:00'),(772,34,11,19,10772,'2022-09-01 22:00:00'),(773,35,11,19,10773,'2022-09-01 22:00:00'),(774,36,14,19,10774,'2022-09-01 22:00:00'),(775,37,14,19,10775,'2022-09-01 22:00:00'),(776,38,14,19,10776,'2022-09-01 22:00:00'),(777,39,14,19,10777,'2022-09-01 22:00:00'),(778,40,14,19,10778,'2022-09-01 22:00:00'),(779,3,14,19,10779,'2022-09-01 22:00:00'),(780,2,14,19,10780,'2022-09-01 22:00:00'),(781,3,2,1,10781,'2022-09-28 22:00:06');
/*!40000 ALTER TABLE `boletos` ENABLE KEYS */;
UNLOCK TABLES;

--
-- Table structure for table `choferes`
--

DROP TABLE IF EXISTS `choferes`;
/*!40101 SET @saved_cs_client     = @@character_set_client */;
/*!50503 SET character_set_client = utf8mb4 */;
CREATE TABLE `choferes` (
  `idChoferes` int NOT NULL AUTO_INCREMENT,
  `dni` int DEFAULT NULL,
  `apellido` varchar(50) DEFAULT NULL,
  `nombre` varchar(50) DEFAULT NULL,
  `fechaNac` date DEFAULT NULL,
  `fechaIngr` date DEFAULT NULL,
  PRIMARY KEY (`idChoferes`)
) ENGINE=InnoDB AUTO_INCREMENT=21 DEFAULT CHARSET=utf8mb4 COLLATE=utf8mb4_0900_ai_ci;
/*!40101 SET character_set_client = @saved_cs_client */;

--
-- Dumping data for table `choferes`
--

LOCK TABLES `choferes` WRITE;
/*!40000 ALTER TABLE `choferes` DISABLE KEYS */;
INSERT INTO `choferes` VALUES (1,37729342,'Ruiz','Juan','1993-11-03','2022-08-31'),(2,37729343,'Perez','Jose','1999-09-04','2022-09-01'),(3,37729344,'Saad','Jose','1990-02-05','2022-09-02'),(4,37729345,'Rodriguez','Gabriel','1997-10-06','2022-09-03'),(5,37729346,'Fernandez','Gonzalo','1991-04-07','2022-09-04'),(6,37729347,'Rosas','Pablo','1993-04-08','2022-09-05'),(7,37729348,'Abregu','Federico','1993-05-09','2022-09-06'),(8,37729349,'Roda','Pablo','1998-02-10','2022-09-07'),(9,37729350,'Perez','Juan','1995-10-11','2022-09-08'),(10,37729351,'Luna','Matias','1996-07-12','2022-09-09'),(11,37729352,'Insaurralde','Alberto','1997-08-13','2022-09-10'),(12,37729353,'Lopez','Luciano','1991-08-14','2022-09-11'),(13,37729354,'Iturbe','Marcelo','1990-05-15','2022-09-12'),(14,37729355,'Lopez','Walter','1999-08-16','2022-09-13'),(15,37729356,'Duarte','Jose','1997-06-17','2022-09-14'),(16,37729357,'Florez','Franco','1998-11-18','2022-09-15'),(17,37729358,'Fernandez','David','1990-01-19','2022-09-16'),(18,37729359,'Gasco','Bautista','1995-10-20','2022-09-17'),(19,37729360,'Gerez','Teodoro','1993-11-22','2022-09-18'),(20,37729361,'Gerez','Doroteo','1993-11-22','2022-09-19');
/*!40000 ALTER TABLE `choferes` ENABLE KEYS */;
UNLOCK TABLES;

--
-- Table structure for table `colectivos`
--

DROP TABLE IF EXISTS `colectivos`;
/*!40101 SET @saved_cs_client     = @@character_set_client */;
/*!50503 SET character_set_client = utf8mb4 */;
CREATE TABLE `colectivos` (
  `idColectivos` int NOT NULL AUTO_INCREMENT,
  `nroUnidad` int DEFAULT NULL,
  `marca` varchar(50) DEFAULT NULL,
  `dominio` varchar(15) DEFAULT NULL,
  PRIMARY KEY (`idColectivos`),
  KEY `nroUnidad` (`nroUnidad`)
) ENGINE=InnoDB AUTO_INCREMENT=20 DEFAULT CHARSET=utf8mb4 COLLATE=utf8mb4_0900_ai_ci;
/*!40101 SET character_set_client = @saved_cs_client */;

--
-- Dumping data for table `colectivos`
--

LOCK TABLES `colectivos` WRITE;
/*!40000 ALTER TABLE `colectivos` DISABLE KEYS */;
INSERT INTO `colectivos` VALUES (1,5,'Metalpar','AB235AB'),(2,10,'Marcopolo','AB239AB'),(3,15,'Marcopolo','AB222AB'),(4,20,'Marcopolo','AB229BB'),(5,25,'Marcopolo','AB039AB'),(6,30,'Marcopolo','AB279AC'),(7,35,'Marcopolo','AB239AC'),(8,40,'Metalpar','AB956AB'),(9,45,'Metalpar','AB854BB'),(10,50,'Metalpar','AA357AB'),(11,55,'Marcopolo','AC951AA'),(12,60,'Metalpar','AA682AA'),(13,65,'Metalpar','AA967AB'),(14,70,'Metalpar','AB659AB'),(15,75,'Marcopolo','AA321AB'),(16,80,'Marcopolo','AB238BB'),(17,85,'Marcopolo','AA789AB'),(18,90,'Metalpar','AB279BB'),(19,95,'Metalpar','AC357AA');
/*!40000 ALTER TABLE `colectivos` ENABLE KEYS */;
UNLOCK TABLES;

--
-- Table structure for table `historica_tarifas`
--

DROP TABLE IF EXISTS `historica_tarifas`;
/*!40101 SET @saved_cs_client     = @@character_set_client */;
/*!50503 SET character_set_client = utf8mb4 */;
CREATE TABLE `historica_tarifas` (
  `idHT` int NOT NULL AUTO_INCREMENT,
  `idold` int NOT NULL,
  `precioOld` double NOT NULL,
  `idRecorrido` int NOT NULL,
  `fechaModificacion` datetime DEFAULT NULL,
  PRIMARY KEY (`idHT`)
) ENGINE=InnoDB AUTO_INCREMENT=2 DEFAULT CHARSET=utf8mb4 COLLATE=utf8mb4_0900_ai_ci;
/*!40101 SET character_set_client = @saved_cs_client */;

--
-- Dumping data for table `historica_tarifas`
--

LOCK TABLES `historica_tarifas` WRITE;
/*!40000 ALTER TABLE `historica_tarifas` DISABLE KEYS */;
INSERT INTO `historica_tarifas` VALUES (1,1,100,1,'2022-09-29 22:43:25');
/*!40000 ALTER TABLE `historica_tarifas` ENABLE KEYS */;
UNLOCK TABLES;

--
-- Table structure for table `log_table`
--

DROP TABLE IF EXISTS `log_table`;
/*!40101 SET @saved_cs_client     = @@character_set_client */;
/*!50503 SET character_set_client = utf8mb4 */;
CREATE TABLE `log_table` (
  `idLog` int NOT NULL AUTO_INCREMENT,
  `tabla` varchar(20) DEFAULT NULL,
  `accion` varchar(20) DEFAULT NULL,
  `mensaje` varchar(100) DEFAULT NULL,
  `usuario` varchar(25) DEFAULT NULL,
  `fecha` datetime DEFAULT NULL,
  PRIMARY KEY (`idLog`)
) ENGINE=InnoDB AUTO_INCREMENT=3 DEFAULT CHARSET=utf8mb4 COLLATE=utf8mb4_0900_ai_ci;
/*!40101 SET character_set_client = @saved_cs_client */;

--
-- Dumping data for table `log_table`
--

LOCK TABLES `log_table` WRITE;
/*!40000 ALTER TABLE `log_table` DISABLE KEYS */;
INSERT INTO `log_table` VALUES (1,'turnos','Ingresar Valor','El chofer 1 ingresara: 18:00:00 saldra: 24:00:00 el da: 2022-09-29','root@localhost','2022-09-29 21:01:06'),(2,'turnos','Ingresar Valor','El chofer 1 ingresara: 18:00:00 saldra: 24:00:00 el da: 2022-09-29','root@localhost','2022-09-29 21:18:51');
/*!40000 ALTER TABLE `log_table` ENABLE KEYS */;
UNLOCK TABLES;

--
-- Table structure for table `paradas`
--

DROP TABLE IF EXISTS `paradas`;
/*!40101 SET @saved_cs_client     = @@character_set_client */;
/*!50503 SET character_set_client = utf8mb4 */;
CREATE TABLE `paradas` (
  `idParadas` int NOT NULL AUTO_INCREMENT,
  `idRecorrido` int NOT NULL,
  `direccion` varchar(100) DEFAULT NULL,
  `numero` int DEFAULT NULL,
  `localidad` varchar(25) DEFAULT NULL,
  PRIMARY KEY (`idParadas`),
  KEY `idRecorrido` (`idRecorrido`),
  CONSTRAINT `paradas_ibfk_1` FOREIGN KEY (`idRecorrido`) REFERENCES `recorridos` (`idRecorridos`)
) ENGINE=InnoDB AUTO_INCREMENT=34 DEFAULT CHARSET=utf8mb4 COLLATE=utf8mb4_0900_ai_ci;
/*!40101 SET character_set_client = @saved_cs_client */;

--
-- Dumping data for table `paradas`
--

LOCK TABLES `paradas` WRITE;
/*!40000 ALTER TABLE `paradas` DISABLE KEYS */;
INSERT INTO `paradas` VALUES (1,1,'YRIGOYEN HIPOLITO',1396,'SAN MIGUEL DE TUCUMAN'),(2,1,'YRIGOYEN HIPOLITO',10700,'SAN MIGUEL DE TUCUMAN'),(3,1,'YRIGOYEN HIPOLITO',9963,'SAN MIGUEL DE TUCUMAN'),(4,1,'TRIUNVIRATO',1618,'SAN MIGUEL DE TUCUMAN'),(5,1,'TEJEDOR CARLOS',2674,'SAN MIGUEL DE TUCUMAN'),(6,1,'SARMIENTO PTE',235,'FAMAILLA'),(7,1,'SANTIAGO DEL ESTERO',1261,'FAMAILLA'),(8,1,'SANTAMARINA ENRIQUE AV.',449,'FAMAILLA'),(9,1,'SANTA FE',1412,'MONTEROS'),(10,1,'SAN MARTIN LIBERTADOR GRAL.',14,'MONTEROS'),(11,1,'SAN MARTIN JOSE DE GRAL.',4,'MONTEROS'),(12,1,'SAN MARTIN',98,'MONTEROS'),(13,1,'SAN LORENZO',2108,'MONTEROS'),(14,1,'SAN JUAN',1479,'CONCEPCION'),(15,1,'RUTA PROVINCIAL N 2 KM 398,5',0,'CONCEPCION'),(16,1,'RUTA NAC N 7 Y JOSE HERNANDEZ',0,'CONCEPCION'),(17,1,'ROTONDA GUTIRREZ',0,'CONCEPCION'),(18,1,'ROSAS JUAN MANUEL DE BRIG.GRAL.',6906,'CONCEPCION'),(19,2,'ROSAS JUAN MANUEL DE BRIG.GRAL.',991,'CONCEPCION'),(20,2,'ROJO GRAL.',3099,'AGUILARES'),(21,2,'RIVADAVIA ESQUINA ERNESTO CRAIG',0,'AGUILARES'),(22,2,'RIVADAVIA AV.',80,'AGUILARES'),(23,2,'RIVADAVIA AV.',1470,'AGUILARES'),(24,2,'RIO BERMEJO',1995,'ALBERDI'),(25,2,'PTO. MORENO',2000,'ALBERDI'),(26,2,'PROVINCIAS UNIDAS',10610,'LA COCHA'),(27,2,'PILCANIYEN',994,'LULES'),(28,2,'PIEDRABUENA L.',6080,'LULES'),(29,2,'PERON PRES.',2092,'LULES'),(30,2,'PERON JUAN DOMINGO PTE. AV.',5179,'FAMAILLA'),(31,2,'PERON EVA AV.',400,'FAMAILLA'),(32,2,'PELLEGRINI',552,'MONTEROS'),(33,2,'PADRE GHIO',421,'MONTEROS');
/*!40000 ALTER TABLE `paradas` ENABLE KEYS */;
UNLOCK TABLES;

--
-- Table structure for table `recorridos`
--

DROP TABLE IF EXISTS `recorridos`;
/*!40101 SET @saved_cs_client     = @@character_set_client */;
/*!50503 SET character_set_client = utf8mb4 */;
CREATE TABLE `recorridos` (
  `idRecorridos` int NOT NULL AUTO_INCREMENT,
  `sentido` int DEFAULT NULL,
  `descripcion` varchar(150) DEFAULT NULL,
  `recorrido` varchar(8000) DEFAULT NULL,
  PRIMARY KEY (`idRecorridos`)
) ENGINE=InnoDB AUTO_INCREMENT=25 DEFAULT CHARSET=utf8mb4 COLLATE=utf8mb4_0900_ai_ci;
/*!40101 SET character_set_client = @saved_cs_client */;

--
-- Dumping data for table `recorridos`
--

LOCK TABLES `recorridos` WRITE;
/*!40000 ALTER TABLE `recorridos` DISABLE KEYS */;
INSERT INTO `recorridos` VALUES (1,0,'Este-Oeste','YRIGOYEN HIPOLITO 1396, YRIGOYEN HIPOLITO 10700, YRIGOYEN HIPOLITO 9963, TRIUNVIRATO 1618, TEJEDOR CARLOS 2674, SARMIENTO PTE 235, SANTIAGO DEL ESTERO 1261, SANTAMARINA ENRIQUE AV. 449, SANTA FE 1412, SAN MARTIN LIBERTADOR GRAL. 14, SAN MARTIN JOSE DE GRAL. 4, SAN MARTIN 98, SAN LORENZO 2108, SAN JUAN 1479, RUTA PROVINCIAL N 2 KM 398,5 0, RUTA NAC N 7 Y JOSE HERNANDEZ 0, ROTONDA GUTIRREZ 0, ROSAS JUAN MANUEL DE BRIG.GRAL. 6906'),(2,1,'Oeste-Este','YRIGOYEN HIPOLITO 1396, YRIGOYEN HIPOLITO 10700, YRIGOYEN HIPOLITO 9963, TRIUNVIRATO 1618, TEJEDOR CARLOS 2674, SARMIENTO PTE 235, SANTIAGO DEL ESTERO 1261, SANTAMARINA ENRIQUE AV. 449, SANTA FE 1412, SAN MARTIN LIBERTADOR GRAL. 14, SAN MARTIN JOSE DE GRAL. 4, SAN MARTIN 98, SAN LORENZO 2108, SAN JUAN 1479, RUTA PROVINCIAL N 2 KM 398,5 0, RUTA NAC N 7 Y JOSE HERNANDEZ 0, ROTONDA GUTIRREZ 0, ROSAS JUAN MANUEL DE BRIG.GRAL. 6907'),(3,0,'Este-Oeste','TEJEDOR CARLOS 2674, SARMIENTO PTE 235, SANTIAGO DEL ESTERO 1261, SANTAMARINA ENRIQUE AV. 449, SANTA FE 1412, SAN MARTIN LIBERTADOR GRAL. 14, SAN MARTIN JOSE DE GRAL. 4, SAN MARTIN 98, SAN LORENZO 2108, SAN JUAN 1479, RUTA PROVINCIAL N 2 KM 398,5 0, RUTA NAC N 7 Y JOSE HERNANDEZ 0, ROTONDA GUTIRREZ 0, ROSAS JUAN MANUEL DE BRIG.GRAL. 6906, ROSAS JUAN MANUEL DE BRIG.GRAL. 991, ROJO GRAL. 3099, RIVADAVIA ESQUINA ERNESTO CRAIG 0, RIVADAVIA AV. 80'),(4,1,'Oeste-Este','TEJEDOR CARLOS 2674, SARMIENTO PTE 235, SANTIAGO DEL ESTERO 1261, SANTAMARINA ENRIQUE AV. 449, SANTA FE 1412, SAN MARTIN LIBERTADOR GRAL. 14, SAN MARTIN JOSE DE GRAL. 4, SAN MARTIN 98, SAN LORENZO 2108, SAN JUAN 1479, RUTA PROVINCIAL N 2 KM 398,5 0, RUTA NAC N 7 Y JOSE HERNANDEZ 0, ROTONDA GUTIRREZ 0, ROSAS JUAN MANUEL DE BRIG.GRAL. 6906, ROSAS JUAN MANUEL DE BRIG.GRAL. 991, ROJO GRAL. 3099, RIVADAVIA ESQUINA ERNESTO CRAIG 0, RIVADAVIA AV. 81'),(5,0,'Este-Oeste','SANTA FE 1412, SAN MARTIN LIBERTADOR GRAL. 14, SAN MARTIN JOSE DE GRAL. 4, SAN MARTIN 98, SAN LORENZO 2108, SAN JUAN 1479, RUTA PROVINCIAL N 2 KM 398,5 0, RUTA NAC N 7 Y JOSE HERNANDEZ 0, ROTONDA GUTIRREZ 0, ROSAS JUAN MANUEL DE BRIG.GRAL. 6906, ROSAS JUAN MANUEL DE BRIG.GRAL. 991, ROJO GRAL. 3099, RIVADAVIA ESQUINA ERNESTO CRAIG 0, RIVADAVIA AV. 80, RIVADAVIA AV. 1470, RIO BERMEJO 1995, PTO. MORENO 2000, PROVINCIAS UNIDAS 10610'),(6,1,'Oeste-Este','SANTA FE 1412, SAN MARTIN LIBERTADOR GRAL. 14, SAN MARTIN JOSE DE GRAL. 4, SAN MARTIN 98, SAN LORENZO 2108, SAN JUAN 1479, RUTA PROVINCIAL N 2 KM 398,5 0, RUTA NAC N 7 Y JOSE HERNANDEZ 0, ROTONDA GUTIRREZ 0, ROSAS JUAN MANUEL DE BRIG.GRAL. 6906, ROSAS JUAN MANUEL DE BRIG.GRAL. 991, ROJO GRAL. 3099, RIVADAVIA ESQUINA ERNESTO CRAIG 0, RIVADAVIA AV. 80, RIVADAVIA AV. 1470, RIO BERMEJO 1995, PTO. MORENO 2000, PROVINCIAS UNIDAS 10611'),(7,0,'Este-Oeste','SAN JUAN 1479, RUTA PROVINCIAL N 2 KM 398,5 0, RUTA NAC N 7 Y JOSE HERNANDEZ 0, ROTONDA GUTIRREZ 0, ROSAS JUAN MANUEL DE BRIG.GRAL. 6906, ROSAS JUAN MANUEL DE BRIG.GRAL. 991, ROJO GRAL. 3099, RIVADAVIA ESQUINA ERNESTO CRAIG 0, RIVADAVIA AV. 80, RIVADAVIA AV. 1470, RIO BERMEJO 1995, PTO. MORENO 2000, PROVINCIAS UNIDAS 10610, PILCANIYEN 994, PIEDRABUENA L. 6080, PERON PRES. 2092, PERON JUAN DOMINGO PTE. AV. 5179, PERON EVA AV. 400'),(8,1,'Oeste-Este','SAN JUAN 1479, RUTA PROVINCIAL N 2 KM 398,5 0, RUTA NAC N 7 Y JOSE HERNANDEZ 0, ROTONDA GUTIRREZ 0, ROSAS JUAN MANUEL DE BRIG.GRAL. 6906, ROSAS JUAN MANUEL DE BRIG.GRAL. 991, ROJO GRAL. 3099, RIVADAVIA ESQUINA ERNESTO CRAIG 0, RIVADAVIA AV. 80, RIVADAVIA AV. 1470, RIO BERMEJO 1995, PTO. MORENO 2000, PROVINCIAS UNIDAS 10610, PILCANIYEN 994, PIEDRABUENA L. 6080, PERON PRES. 2092, PERON JUAN DOMINGO PTE. AV. 5179, PERON EVA AV. 401'),(9,0,'Este-Oeste','ROJO GRAL. 3099, RIVADAVIA ESQUINA ERNESTO CRAIG 0, RIVADAVIA AV. 80, RIVADAVIA AV. 1470, RIO BERMEJO 1995, PTO. MORENO 2000, PROVINCIAS UNIDAS 10610, PILCANIYEN 994, PIEDRABUENA L. 6080, PERON PRES. 2092, PERON JUAN DOMINGO PTE. AV. 5179, PERON EVA AV. 400, PELLEGRINI 552, PADRE GHIO 421, OLIVIERI S. 507, MORTEO AV. 55, MITRE BME. AV. 3300, MITRE BARTOLOME AV. 580'),(10,1,'Oeste-Este','ROJO GRAL. 3099, RIVADAVIA ESQUINA ERNESTO CRAIG 0, RIVADAVIA AV. 80, RIVADAVIA AV. 1470, RIO BERMEJO 1995, PTO. MORENO 2000, PROVINCIAS UNIDAS 10610, PILCANIYEN 994, PIEDRABUENA L. 6080, PERON PRES. 2092, PERON JUAN DOMINGO PTE. AV. 5179, PERON EVA AV. 400, PELLEGRINI 552, PADRE GHIO 421, OLIVIERI S. 507, MORTEO AV. 55, MITRE BME. AV. 3300, MITRE BARTOLOME AV. 581'),(11,0,'Este-Oeste','RIO BERMEJO 1995, PTO. MORENO 2000, PROVINCIAS UNIDAS 10610, PILCANIYEN 994, PIEDRABUENA L. 6080, PERON PRES. 2092, PERON JUAN DOMINGO PTE. AV. 5179, PERON EVA AV. 400, PELLEGRINI 552, PADRE GHIO 421, OLIVIERI S. 507, MORTEO AV. 55, MITRE BME. AV. 3300, MITRE BARTOLOME AV. 580, MITRE AV. 1010, MAIPU AV. 3890, MAIPU AV. 3028, MAIPU 196'),(12,1,'Oeste-Este','RIO BERMEJO 1995, PTO. MORENO 2000, PROVINCIAS UNIDAS 10610, PILCANIYEN 994, PIEDRABUENA L. 6080, PERON PRES. 2092, PERON JUAN DOMINGO PTE. AV. 5179, PERON EVA AV. 400, PELLEGRINI 552, PADRE GHIO 421, OLIVIERI S. 507, MORTEO AV. 55, MITRE BME. AV. 3300, MITRE BARTOLOME AV. 580, MITRE AV. 1010, MAIPU AV. 3890, MAIPU AV. 3028, MAIPU 197'),(13,0,'Este-Oeste',' SAN MARTIN JOSE DE GRAL. 4, SAN MARTIN 98, SAN LORENZO 2108, SAN JUAN 1479, RUTA PROVINCIAL N 2 KM 398,5 0, RUTA NAC N 7 Y JOSE HERNANDEZ 0, ROTONDA GUTIRREZ 0, ROSAS JUAN MANUEL DE BRIG.GRAL. 6906, ROSAS JUAN MANUEL DE BRIG.GRAL. 991, ROJO GRAL. 3099, RIVADAVIA ESQUINA ERNESTO CRAIG 0, RIVADAVIA AV. 80, RIVADAVIA AV. 1470, RIO BERMEJO 1995, PTO. MORENO 2000, PROVINCIAS UNIDAS 10610, PILCANIYEN 994, PIEDRABUENA L. 6080, PERON PRES. 2092, PERON JUAN DOMINGO PTE. AV. 5179, PERON EVA AV. 400, PELLEGRINI 552, PADRE GHIO 421'),(14,1,'Oeste-Este','SAN MARTIN JOSE DE GRAL. 4, SAN MARTIN 98, SAN LORENZO 2108, SAN JUAN 1479, RUTA PROVINCIAL N 2 KM 398,5 0, RUTA NAC N 7 Y JOSE HERNANDEZ 0, ROTONDA GUTIRREZ 0, ROSAS JUAN MANUEL DE BRIG.GRAL. 6906, ROSAS JUAN MANUEL DE BRIG.GRAL. 991, ROJO GRAL. 3099, RIVADAVIA ESQUINA ERNESTO CRAIG 0, RIVADAVIA AV. 80, RIVADAVIA AV. 1470, RIO BERMEJO 1995, PTO. MORENO 2000, PROVINCIAS UNIDAS 10610, PILCANIYEN 994, PIEDRABUENA L. 6080, PERON PRES. 2092, PERON JUAN DOMINGO PTE. AV. 5179, PERON EVA AV. 400, PELLEGRINI 552, PADRE GHIO 422'),(15,0,'Este-Oeste','SAN MARTIN 98, SAN LORENZO 2108, SAN JUAN 1479, RUTA PROVINCIAL N 2 KM 398,5 0, RUTA NAC N 7 Y JOSE HERNANDEZ 0, ROTONDA GUTIRREZ 0, ROSAS JUAN MANUEL DE BRIG.GRAL. 6906, ROSAS JUAN MANUEL DE BRIG.GRAL. 991, ROJO GRAL. 3099, RIVADAVIA ESQUINA ERNESTO CRAIG 0, RIVADAVIA AV. 80, RIVADAVIA AV. 1470, RIO BERMEJO 1995, PTO. MORENO 2000, PROVINCIAS UNIDAS 10610, PILCANIYEN 994, PIEDRABUENA L. 6080, PERON PRES. 2092, PERON JUAN DOMINGO PTE. AV. 5179, PERON EVA AV. 400, PELLEGRINI 552, PADRE GHIO 421, OLIVIERI S. 507, MORTEO AV. 55, MITRE BME. AV. 3300'),(16,1,'Oeste-Este','SAN MARTIN LIBERTADOR GRAL. 14, SAN MARTIN JOSE DE GRAL. 4, SAN MARTIN 98, SAN LORENZO 2108, SAN JUAN 1479, RUTA PROVINCIAL N 2 KM 398,5 0, RUTA NAC N 7 Y JOSE HERNANDEZ 0, ROTONDA GUTIRREZ 0, ROSAS JUAN MANUEL DE BRIG.GRAL. 6906, ROSAS JUAN MANUEL DE BRIG.GRAL. 991, ROJO GRAL. 3099, RIVADAVIA ESQUINA ERNESTO CRAIG 0, RIVADAVIA AV. 80, RIVADAVIA AV. 1470, RIO BERMEJO 1995, PTO. MORENO 2000, PROVINCIAS UNIDAS 10610, PILCANIYEN 994, PIEDRABUENA L. 6080, PERON PRES. 2092, PERON JUAN DOMINGO PTE. AV. 5179, PERON EVA AV. 400, PELLEGRINI 552, PADRE GHIO 421, OLIVIERI S. 507, MORTEO AV. 55, MITRE BME. AV. 3301'),(17,0,'Este-Oeste','SAN MARTIN LIBERTADOR GRAL. 14, SAN MARTIN JOSE DE GRAL. 4, SAN MARTIN 98, SAN LORENZO 2108, SAN JUAN 1479, RUTA PROVINCIAL N 2 KM 398,5 0, RUTA NAC N 7 Y JOSE HERNANDEZ 0, ROTONDA GUTIRREZ 0, ROSAS JUAN MANUEL DE BRIG.GRAL. 6906, ROSAS JUAN MANUEL DE BRIG.GRAL. 991, ROJO GRAL. 3099, RIVADAVIA ESQUINA ERNESTO CRAIG 0, RIVADAVIA AV. 80, RIVADAVIA AV. 1470, RIO BERMEJO 1995, PTO. MORENO 2000, PROVINCIAS UNIDAS 10610, PILCANIYEN 994, PIEDRABUENA L. 6080, PERON PRES. 2092, PERON JUAN DOMINGO PTE. AV. 5179, PERON EVA AV. 400, PELLEGRINI 552, PADRE GHIO 421, OLIVIERI S. 507, MORTEO AV. 55, MITRE BME. AV. 3300'),(18,1,'Oeste-Este','YRIGOYEN HIPOLITO 1396, YRIGOYEN HIPOLITO 10700, YRIGOYEN HIPOLITO 9963, TRIUNVIRATO 1618, TEJEDOR CARLOS 2674, SARMIENTO PTE 235, SANTIAGO DEL ESTERO 1261, SANTAMARINA ENRIQUE AV. 449, SANTA FE 1412, SAN MARTIN LIBERTADOR GRAL. 14, SAN MARTIN JOSE DE GRAL. 4, SAN MARTIN 98, SAN LORENZO 2108, SAN JUAN 1479, RUTA PROVINCIAL N 2 KM 398,5 0, RUTA NAC N 7 Y JOSE HERNANDEZ 0, ROTONDA GUTIRREZ 0, ROSAS JUAN MANUEL DE BRIG.GRAL. 6906, ROSAS JUAN MANUEL DE BRIG.GRAL. 991, ROJO GRAL. 3099, RIVADAVIA ESQUINA ERNESTO CRAIG 0, RIVADAVIA AV. 80, RIVADAVIA AV. 1470, RIO BERMEJO 1995, PTO. MORENO 2000, PROVINCIAS UNIDAS 10610, PILCANIYEN 994, PIEDRABUENA L. 6080, PERON PRES. 2092, PERON JUAN DOMINGO PTE. AV. 5179, PERON EVA AV. 400, PELLEGRINI 552, PADRE GHIO 421, OLIVIERI S. 507, MORTEO AV. 55, MITRE BME. AV. 3301'),(19,0,'Este-Oeste','YRIGOYEN HIPOLITO 1396, YRIGOYEN HIPOLITO 10700, YRIGOYEN HIPOLITO 9963, TRIUNVIRATO 1618, TEJEDOR CARLOS 2674, SARMIENTO PTE 235, SANTIAGO DEL ESTERO 1261, SANTAMARINA ENRIQUE AV. 449, SANTA FE 1412, SAN MARTIN LIBERTADOR GRAL. 14, SAN MARTIN JOSE DE GRAL. 4, SAN MARTIN 98, SAN LORENZO 2108, SAN JUAN 1479, RUTA PROVINCIAL N 2 KM 398,5 0, RUTA NAC N 7 Y JOSE HERNANDEZ 0, ROTONDA GUTIRREZ 0, ROSAS JUAN MANUEL DE BRIG.GRAL. 6906, ROSAS JUAN MANUEL DE BRIG.GRAL. 991, ROJO GRAL. 3099, RIVADAVIA ESQUINA ERNESTO CRAIG 0, RIVADAVIA AV. 80, RIVADAVIA AV. 1470, RIO BERMEJO 1995, PTO. MORENO 2000, PROVINCIAS UNIDAS 10610, PILCANIYEN 994, PIEDRABUENA L. 6080, PERON PRES. 2092, PERON JUAN DOMINGO PTE. AV. 5179, PERON EVA AV. 400, PELLEGRINI 552, PADRE GHIO 421, OLIVIERI S. 507, MORTEO AV. 55, MITRE BME. AV. 3300'),(20,1,'Oeste-Este','YRIGOYEN HIPOLITO 1396, YRIGOYEN HIPOLITO 10700, YRIGOYEN HIPOLITO 9963, TRIUNVIRATO 1618, TEJEDOR CARLOS 2674, SARMIENTO PTE 235, SANTIAGO DEL ESTERO 1261, SANTAMARINA ENRIQUE AV. 449, SANTA FE 1412, SAN MARTIN LIBERTADOR GRAL. 14, SAN MARTIN JOSE DE GRAL. 4, SAN MARTIN 98, SAN LORENZO 2108, SAN JUAN 1479, RUTA PROVINCIAL N 2 KM 398,5 0, RUTA NAC N 7 Y JOSE HERNANDEZ 0, ROTONDA GUTIRREZ 0, ROSAS JUAN MANUEL DE BRIG.GRAL. 6906, ROSAS JUAN MANUEL DE BRIG.GRAL. 991, ROJO GRAL. 3099, RIVADAVIA ESQUINA ERNESTO CRAIG 0, RIVADAVIA AV. 80, RIVADAVIA AV. 1470, RIO BERMEJO 1995, PTO. MORENO 2000, PROVINCIAS UNIDAS 10610, PILCANIYEN 994, PIEDRABUENA L. 6080, PERON PRES. 2092, PERON JUAN DOMINGO PTE. AV. 5179, PERON EVA AV. 400, PELLEGRINI 552, PADRE GHIO 421, OLIVIERI S. 507, MORTEO AV. 55, MITRE BME. AV. 3301'),(21,0,'Este-Oeste','YRIGOYEN HIPOLITO 1396, YRIGOYEN HIPOLITO 10700, YRIGOYEN HIPOLITO 9963, TRIUNVIRATO 1618, TEJEDOR CARLOS 2674, SARMIENTO PTE 235, SANTIAGO DEL ESTERO 1261, SANTAMARINA ENRIQUE AV. 449, SANTA FE 1412, SAN MARTIN LIBERTADOR GRAL. 14, SAN MARTIN JOSE DE GRAL. 4, SAN MARTIN 98, SAN LORENZO 2108, SAN JUAN 1479, RUTA PROVINCIAL N 2 KM 398,5 0, RUTA NAC N 7 Y JOSE HERNANDEZ 0, ROTONDA GUTIRREZ 0, ROSAS JUAN MANUEL DE BRIG.GRAL. 6906, ROSAS JUAN MANUEL DE BRIG.GRAL. 991, ROJO GRAL. 3099, RIVADAVIA ESQUINA ERNESTO CRAIG 0, RIVADAVIA AV. 80, RIVADAVIA AV. 1470, RIO BERMEJO 1995, PTO. MORENO 2000, PROVINCIAS UNIDAS 10610, PILCANIYEN 994, PIEDRABUENA L. 6080, PERON PRES. 2092, PERON JUAN DOMINGO PTE. AV. 5179, PERON EVA AV. 400, PELLEGRINI 552, PADRE GHIO 421, OLIVIERI S. 507, MORTEO AV. 55, MITRE BME. AV. 3300'),(22,1,'Oeste-Este','YRIGOYEN HIPOLITO 1396, YRIGOYEN HIPOLITO 10700, YRIGOYEN HIPOLITO 9963, TRIUNVIRATO 1618, TEJEDOR CARLOS 2674, SARMIENTO PTE 235, SANTIAGO DEL ESTERO 1261, SANTAMARINA ENRIQUE AV. 449, SANTA FE 1412, SAN MARTIN LIBERTADOR GRAL. 14, SAN MARTIN JOSE DE GRAL. 4, SAN MARTIN 98, SAN LORENZO 2108, SAN JUAN 1479, RUTA PROVINCIAL N 2 KM 398,5 0, RUTA NAC N 7 Y JOSE HERNANDEZ 0, ROTONDA GUTIRREZ 0, ROSAS JUAN MANUEL DE BRIG.GRAL. 6906, ROSAS JUAN MANUEL DE BRIG.GRAL. 991, ROJO GRAL. 3099, RIVADAVIA ESQUINA ERNESTO CRAIG 0, RIVADAVIA AV. 80, RIVADAVIA AV. 1470, RIO BERMEJO 1995, PTO. MORENO 2000, PROVINCIAS UNIDAS 10610, PILCANIYEN 994, PIEDRABUENA L. 6080, PERON PRES. 2092, PERON JUAN DOMINGO PTE. AV. 5179, PERON EVA AV. 400, PELLEGRINI 552, PADRE GHIO 421, OLIVIERI S. 507, MORTEO AV. 55, MITRE BME. AV. 3301'),(23,0,'Este-Oeste','YRIGOYEN HIPOLITO 1396, YRIGOYEN HIPOLITO 10700, YRIGOYEN HIPOLITO 9963, TRIUNVIRATO 1618, TEJEDOR CARLOS 2674, SARMIENTO PTE 235, SANTIAGO DEL ESTERO 1261, SANTAMARINA ENRIQUE AV. 449, SANTA FE 1412, SAN MARTIN LIBERTADOR GRAL. 14, SAN MARTIN JOSE DE GRAL. 4, SAN MARTIN 98, SAN LORENZO 2108, SAN JUAN 1479, RUTA PROVINCIAL N 2 KM 398,5 0, RUTA NAC N 7 Y JOSE HERNANDEZ 0, ROTONDA GUTIRREZ 0, ROSAS JUAN MANUEL DE BRIG.GRAL. 6906, ROSAS JUAN MANUEL DE BRIG.GRAL. 991, ROJO GRAL. 3099, RIVADAVIA ESQUINA ERNESTO CRAIG 0, RIVADAVIA AV. 80, RIVADAVIA AV. 1470, RIO BERMEJO 1995, PTO. MORENO 2000, PROVINCIAS UNIDAS 10610, PILCANIYEN 994, PIEDRABUENA L. 6080, PERON PRES. 2092, PERON JUAN DOMINGO PTE. AV. 5179, PERON EVA AV. 400, PELLEGRINI 552, PADRE GHIO 421, OLIVIERI S. 507, MORTEO AV. 55, MITRE BME. AV. 3300'),(24,1,'Oeste-Este','YRIGOYEN HIPOLITO 1396, YRIGOYEN HIPOLITO 10700, YRIGOYEN HIPOLITO 9963, TRIUNVIRATO 1618, TEJEDOR CARLOS 2674, SARMIENTO PTE 235, SANTIAGO DEL ESTERO 1261, SANTAMARINA ENRIQUE AV. 449, SANTA FE 1412, SAN MARTIN LIBERTADOR GRAL. 14, SAN MARTIN JOSE DE GRAL. 4, SAN MARTIN 98, SAN LORENZO 2108, SAN JUAN 1479, RUTA PROVINCIAL N 2 KM 398,5 0, RUTA NAC N 7 Y JOSE HERNANDEZ 0, ROTONDA GUTIRREZ 0, ROSAS JUAN MANUEL DE BRIG.GRAL. 6906, ROSAS JUAN MANUEL DE BRIG.GRAL. 991, ROJO GRAL. 3099, RIVADAVIA ESQUINA ERNESTO CRAIG 0, RIVADAVIA AV. 80, RIVADAVIA AV. 1470, RIO BERMEJO 1995, PTO. MORENO 2000, PROVINCIAS UNIDAS 10610, PILCANIYEN 994, PIEDRABUENA L. 6080, PERON PRES. 2092, PERON JUAN DOMINGO PTE. AV. 5179, PERON EVA AV. 400, PELLEGRINI 552, PADRE GHIO 421, OLIVIERI S. 507, MORTEO AV. 55, MITRE BME. AV. 3301');
/*!40000 ALTER TABLE `recorridos` ENABLE KEYS */;
UNLOCK TABLES;

--
-- Table structure for table `tarifas`
--

DROP TABLE IF EXISTS `tarifas`;
/*!40101 SET @saved_cs_client     = @@character_set_client */;
/*!50503 SET character_set_client = utf8mb4 */;
CREATE TABLE `tarifas` (
  `idTarifas` int NOT NULL AUTO_INCREMENT,
  `idRecorrido` int NOT NULL,
  `precio` double DEFAULT NULL,
  PRIMARY KEY (`idTarifas`),
  KEY `idRecorrido` (`idRecorrido`),
  CONSTRAINT `tarifas_ibfk_1` FOREIGN KEY (`idRecorrido`) REFERENCES `recorridos` (`idRecorridos`)
) ENGINE=InnoDB AUTO_INCREMENT=13 DEFAULT CHARSET=utf8mb4 COLLATE=utf8mb4_0900_ai_ci;
/*!40101 SET character_set_client = @saved_cs_client */;

--
-- Dumping data for table `tarifas`
--

LOCK TABLES `tarifas` WRITE;
/*!40000 ALTER TABLE `tarifas` DISABLE KEYS */;
INSERT INTO `tarifas` VALUES (1,1,120),(2,2,150),(3,3,200),(4,4,300),(5,5,350),(6,6,360),(7,7,410),(8,8,150),(9,9,200),(10,10,300),(11,11,350),(12,12,400);
/*!40000 ALTER TABLE `tarifas` ENABLE KEYS */;
UNLOCK TABLES;
/*!50003 SET @saved_cs_client      = @@character_set_client */ ;
/*!50003 SET @saved_cs_results     = @@character_set_results */ ;
/*!50003 SET @saved_col_connection = @@collation_connection */ ;
/*!50003 SET character_set_client  = utf8mb4 */ ;
/*!50003 SET character_set_results = utf8mb4 */ ;
/*!50003 SET collation_connection  = utf8mb4_0900_ai_ci */ ;
/*!50003 SET @saved_sql_mode       = @@sql_mode */ ;
/*!50003 SET sql_mode              = 'STRICT_TRANS_TABLES,NO_ENGINE_SUBSTITUTION' */ ;
DELIMITER ;;
/*!50003 CREATE*/ /*!50017 DEFINER=`root`@`localhost`*/ /*!50003 TRIGGER `tarifas_BEFORE_UPDATE` BEFORE UPDATE ON `tarifas` FOR EACH ROW BEGIN
	insert into historica_tarifas (idOld, precioOld, idRecorrido, fechaModificacion)
    values (
		old.idTarifas, 
        old.precio,
        old.idRecorrido,
        now()
    );
END */;;
DELIMITER ;
/*!50003 SET sql_mode              = @saved_sql_mode */ ;
/*!50003 SET character_set_client  = @saved_cs_client */ ;
/*!50003 SET character_set_results = @saved_cs_results */ ;
/*!50003 SET collation_connection  = @saved_col_connection */ ;

--
-- Table structure for table `turnos`
--

DROP TABLE IF EXISTS `turnos`;
/*!40101 SET @saved_cs_client     = @@character_set_client */;
/*!50503 SET character_set_client = utf8mb4 */;
CREATE TABLE `turnos` (
  `idTurnos` int NOT NULL AUTO_INCREMENT,
  `idChofer` int NOT NULL,
  `idColectivo` int NOT NULL,
  `descripcion` varchar(50) DEFAULT NULL,
  `nombreCorte` varchar(2) DEFAULT NULL,
  `fecha` date DEFAULT NULL,
  `horaIngreso` time DEFAULT NULL,
  `horaFin` time DEFAULT NULL,
  PRIMARY KEY (`idTurnos`),
  UNIQUE KEY `idTurnos_UNIQUE` (`idTurnos`),
  KEY `idChofer` (`idChofer`),
  KEY `idColectivo` (`idColectivo`),
  CONSTRAINT `turnos_ibfk_1` FOREIGN KEY (`idChofer`) REFERENCES `choferes` (`idChoferes`),
  CONSTRAINT `turnos_ibfk_2` FOREIGN KEY (`idColectivo`) REFERENCES `colectivos` (`idColectivos`)
) ENGINE=InnoDB AUTO_INCREMENT=163 DEFAULT CHARSET=utf8mb4 COLLATE=utf8mb4_0900_ai_ci;
/*!40101 SET character_set_client = @saved_cs_client */;

--
-- Dumping data for table `turnos`
--

LOCK TABLES `turnos` WRITE;
/*!40000 ALTER TABLE `turnos` DISABLE KEYS */;
INSERT INTO `turnos` VALUES (1,1,1,'Maana','M','2022-09-01','06:00:00','12:00:00'),(2,16,3,'Maana','M','2022-09-01','06:00:00','12:00:00'),(3,15,4,'Maana','M','2022-09-01','06:00:00','12:00:00'),(4,14,6,'Maana','M','2022-09-01','06:00:00','12:00:00'),(5,4,11,'Maana','M','2022-09-01','06:00:00','12:00:00'),(6,9,13,'Maana','M','2022-09-01','06:00:00','12:00:00'),(7,6,5,'Tarde','T','2022-09-01','12:00:00','18:00:00'),(8,7,8,'Tarde','T','2022-09-01','12:00:00','18:00:00'),(9,2,10,'Tarde','T','2022-09-01','12:00:00','18:00:00'),(10,11,15,'Tarde','T','2022-09-01','12:00:00','18:00:00'),(11,12,18,'Tarde','T','2022-09-01','12:00:00','18:00:00'),(12,8,2,'Nocturno','N','2022-09-01','18:00:00','24:00:00'),(13,5,7,'Nocturno','N','2022-09-01','18:00:00','24:00:00'),(14,10,12,'Nocturno','N','2022-09-01','18:00:00','24:00:00'),(15,13,17,'Nocturno','N','2022-09-01','18:00:00','24:00:00'),(16,3,19,'Nocturno','N','2022-09-01','18:00:00','24:00:00'),(17,1,1,'Maana','M','2022-09-02','06:00:00','12:00:00'),(18,16,3,'Maana','M','2022-09-02','06:00:00','12:00:00'),(19,15,4,'Maana','M','2022-09-02','06:00:00','12:00:00'),(20,14,6,'Maana','M','2022-09-02','06:00:00','12:00:00'),(21,4,11,'Maana','M','2022-09-02','06:00:00','12:00:00'),(22,9,13,'Maana','M','2022-09-02','06:00:00','12:00:00'),(23,6,5,'Tarde','T','2022-09-02','12:00:00','18:00:00'),(24,7,8,'Tarde','T','2022-09-02','12:00:00','18:00:00'),(25,2,10,'Tarde','T','2022-09-02','12:00:00','18:00:00'),(26,11,15,'Tarde','T','2022-09-02','12:00:00','18:00:00'),(27,12,18,'Tarde','T','2022-09-02','12:00:00','18:00:00'),(28,8,2,'Nocturno','N','2022-09-02','18:00:00','24:00:00'),(29,5,7,'Nocturno','N','2022-09-02','18:00:00','24:00:00'),(30,10,12,'Nocturno','N','2022-09-02','18:00:00','24:00:00'),(31,13,17,'Nocturno','N','2022-09-02','18:00:00','24:00:00'),(32,3,19,'Nocturno','N','2022-09-02','18:00:00','24:00:00'),(33,1,1,'Maana','M','2022-09-03','06:00:00','12:00:00'),(34,16,3,'Maana','M','2022-09-03','06:00:00','12:00:00'),(35,15,4,'Maana','M','2022-09-03','06:00:00','12:00:00'),(36,14,6,'Maana','M','2022-09-03','06:00:00','12:00:00'),(37,4,11,'Maana','M','2022-09-03','06:00:00','12:00:00'),(38,7,8,'Tarde','T','2022-09-03','12:00:00','18:00:00'),(39,2,10,'Tarde','T','2022-09-03','12:00:00','18:00:00'),(40,11,15,'Tarde','T','2022-09-03','12:00:00','18:00:00'),(41,12,18,'Tarde','T','2022-09-03','12:00:00','18:00:00'),(42,5,7,'Nocturno','N','2022-09-03','18:00:00','24:00:00'),(43,10,12,'Nocturno','N','2022-09-03','18:00:00','24:00:00'),(44,13,17,'Nocturno','N','2022-09-03','18:00:00','24:00:00'),(45,3,19,'Nocturno','N','2022-09-03','18:00:00','24:00:00'),(46,1,1,'Maana','M','2022-09-04','06:00:00','12:00:00'),(47,16,3,'Maana','M','2022-09-04','06:00:00','12:00:00'),(48,15,4,'Maana','M','2022-09-04','06:00:00','12:00:00'),(49,4,11,'Maana','M','2022-09-04','06:00:00','12:00:00'),(50,7,8,'Tarde','T','2022-09-04','12:00:00','18:00:00'),(51,2,10,'Tarde','T','2022-09-04','12:00:00','18:00:00'),(52,12,18,'Tarde','T','2022-09-04','12:00:00','18:00:00'),(53,5,7,'Nocturno','N','2022-09-04','18:00:00','24:00:00'),(54,13,17,'Nocturno','N','2022-09-04','18:00:00','24:00:00'),(55,3,19,'Nocturno','N','2022-09-04','18:00:00','24:00:00'),(56,1,1,'Maana','M','2022-09-05','06:00:00','12:00:00'),(57,16,3,'Maana','M','2022-09-05','06:00:00','12:00:00'),(58,15,4,'Maana','M','2022-09-05','06:00:00','12:00:00'),(59,14,6,'Maana','M','2022-09-05','06:00:00','12:00:00'),(60,4,11,'Maana','M','2022-09-05','06:00:00','12:00:00'),(61,9,13,'Maana','M','2022-09-05','06:00:00','12:00:00'),(62,6,5,'Tarde','T','2022-09-05','12:00:00','18:00:00'),(63,7,8,'Tarde','T','2022-09-05','12:00:00','18:00:00'),(64,2,10,'Tarde','T','2022-09-05','12:00:00','18:00:00'),(65,11,15,'Tarde','T','2022-09-05','12:00:00','18:00:00'),(66,12,18,'Tarde','T','2022-09-05','12:00:00','18:00:00'),(67,8,2,'Nocturno','N','2022-09-05','18:00:00','24:00:00'),(68,5,7,'Nocturno','N','2022-09-05','18:00:00','24:00:00'),(69,10,12,'Nocturno','N','2022-09-05','18:00:00','24:00:00'),(70,13,17,'Nocturno','N','2022-09-05','18:00:00','24:00:00'),(71,3,19,'Nocturno','N','2022-09-05','18:00:00','24:00:00'),(72,1,1,'Maana','M','2022-09-06','06:00:00','12:00:00'),(73,16,3,'Maana','M','2022-09-06','06:00:00','12:00:00'),(74,15,4,'Maana','M','2022-09-06','06:00:00','12:00:00'),(75,14,6,'Maana','M','2022-09-06','06:00:00','12:00:00'),(76,4,11,'Maana','M','2022-09-06','06:00:00','12:00:00'),(77,9,13,'Maana','M','2022-09-06','06:00:00','12:00:00'),(78,6,5,'Tarde','T','2022-09-06','12:00:00','18:00:00'),(79,7,8,'Tarde','T','2022-09-06','12:00:00','18:00:00'),(80,2,10,'Tarde','T','2022-09-06','12:00:00','18:00:00'),(81,11,15,'Tarde','T','2022-09-06','12:00:00','18:00:00'),(82,12,18,'Tarde','T','2022-09-06','12:00:00','18:00:00'),(83,8,2,'Nocturno','N','2022-09-06','18:00:00','24:00:00'),(84,5,7,'Nocturno','N','2022-09-06','18:00:00','24:00:00'),(85,10,12,'Nocturno','N','2022-09-06','18:00:00','24:00:00'),(86,13,17,'Nocturno','N','2022-09-06','18:00:00','24:00:00'),(87,3,19,'Nocturno','N','2022-09-06','18:00:00','24:00:00'),(88,1,1,'Maana','M','2022-09-07','06:00:00','12:00:00'),(89,16,3,'Maana','M','2022-09-07','06:00:00','12:00:00'),(90,15,4,'Maana','M','2022-09-07','06:00:00','12:00:00'),(91,14,6,'Maana','M','2022-09-07','06:00:00','12:00:00'),(92,4,11,'Maana','M','2022-09-07','06:00:00','12:00:00'),(93,9,13,'Maana','M','2022-09-07','06:00:00','12:00:00'),(94,6,5,'Tarde','T','2022-09-07','12:00:00','18:00:00'),(95,7,8,'Tarde','T','2022-09-07','12:00:00','18:00:00'),(96,2,10,'Tarde','T','2022-09-07','12:00:00','18:00:00'),(97,11,15,'Tarde','T','2022-09-07','12:00:00','18:00:00'),(98,12,18,'Tarde','T','2022-09-07','12:00:00','18:00:00'),(99,8,2,'Nocturno','N','2022-09-07','18:00:00','24:00:00'),(100,5,7,'Nocturno','N','2022-09-07','18:00:00','24:00:00'),(101,10,12,'Nocturno','N','2022-09-07','18:00:00','24:00:00'),(102,13,17,'Nocturno','N','2022-09-07','18:00:00','24:00:00'),(103,3,19,'Nocturno','N','2022-09-07','18:00:00','24:00:00'),(104,1,1,'Maana','M','2022-09-08','06:00:00','12:00:00'),(105,16,3,'Maana','M','2022-09-08','06:00:00','12:00:00'),(106,15,4,'Maana','M','2022-09-08','06:00:00','12:00:00'),(107,14,6,'Maana','M','2022-09-08','06:00:00','12:00:00'),(108,4,11,'Maana','M','2022-09-08','06:00:00','12:00:00'),(109,9,13,'Maana','M','2022-09-08','06:00:00','12:00:00'),(110,6,5,'Tarde','T','2022-09-08','12:00:00','18:00:00'),(111,7,8,'Tarde','T','2022-09-08','12:00:00','18:00:00'),(112,2,10,'Tarde','T','2022-09-08','12:00:00','18:00:00'),(113,11,15,'Tarde','T','2022-09-08','12:00:00','18:00:00'),(114,12,18,'Tarde','T','2022-09-08','12:00:00','18:00:00'),(115,8,2,'Nocturno','N','2022-09-08','18:00:00','24:00:00'),(116,5,7,'Nocturno','N','2022-09-08','18:00:00','24:00:00'),(117,10,12,'Nocturno','N','2022-09-08','18:00:00','24:00:00'),(118,13,17,'Nocturno','N','2022-09-08','18:00:00','24:00:00'),(119,3,19,'Nocturno','N','2022-09-08','18:00:00','24:00:00'),(120,1,1,'Maana','M','2022-09-09','06:00:00','12:00:00'),(121,16,3,'Maana','M','2022-09-09','06:00:00','12:00:00'),(122,15,4,'Maana','M','2022-09-09','06:00:00','12:00:00'),(123,14,6,'Maana','M','2022-09-09','06:00:00','12:00:00'),(124,4,11,'Maana','M','2022-09-09','06:00:00','12:00:00'),(125,9,13,'Maana','M','2022-09-09','06:00:00','12:00:00'),(126,6,5,'Tarde','T','2022-09-09','12:00:00','18:00:00'),(127,7,8,'Tarde','T','2022-09-09','12:00:00','18:00:00'),(128,2,10,'Tarde','T','2022-09-09','12:00:00','18:00:00'),(129,11,15,'Tarde','T','2022-09-09','12:00:00','18:00:00'),(130,12,18,'Tarde','T','2022-09-09','12:00:00','18:00:00'),(131,8,2,'Nocturno','N','2022-09-09','18:00:00','24:00:00'),(132,5,7,'Nocturno','N','2022-09-09','18:00:00','24:00:00'),(133,10,12,'Nocturno','N','2022-09-09','18:00:00','24:00:00'),(134,13,17,'Nocturno','N','2022-09-09','18:00:00','24:00:00'),(135,3,19,'Nocturno','N','2022-09-09','18:00:00','24:00:00'),(136,1,1,'Maana','M','2022-09-10','06:00:00','12:00:00'),(137,16,3,'Maana','M','2022-09-10','06:00:00','12:00:00'),(138,15,4,'Maana','M','2022-09-10','06:00:00','12:00:00'),(139,14,6,'Maana','M','2022-09-10','06:00:00','12:00:00'),(140,4,11,'Maana','M','2022-09-10','06:00:00','12:00:00'),(141,7,8,'Tarde','T','2022-09-10','12:00:00','18:00:00'),(142,2,10,'Tarde','T','2022-09-10','12:00:00','18:00:00'),(143,11,15,'Tarde','T','2022-09-10','12:00:00','18:00:00'),(144,12,18,'Tarde','T','2022-09-10','12:00:00','18:00:00'),(145,5,7,'Nocturno','N','2022-09-10','18:00:00','24:00:00'),(146,10,12,'Nocturno','N','2022-09-10','18:00:00','24:00:00'),(147,13,17,'Nocturno','N','2022-09-10','18:00:00','24:00:00'),(148,3,19,'Nocturno','N','2022-09-10','18:00:00','24:00:00'),(149,1,1,'Maana','M','2022-09-11','06:00:00','12:00:00'),(150,16,3,'Maana','M','2022-09-11','06:00:00','12:00:00'),(151,15,4,'Maana','M','2022-09-11','06:00:00','12:00:00'),(152,14,6,'Maana','M','2022-09-11','06:00:00','12:00:00'),(153,4,11,'Maana','M','2022-09-11','06:00:00','12:00:00'),(154,7,8,'Tarde','T','2022-09-11','12:00:00','18:00:00'),(155,2,10,'Tarde','T','2022-09-11','12:00:00','18:00:00'),(156,12,18,'Tarde','T','2022-09-11','12:00:00','18:00:00'),(157,8,2,'Nocturno','N','2022-09-11','18:00:00','24:00:00'),(158,5,7,'Nocturno','N','2022-09-11','18:00:00','24:00:00'),(159,3,19,'Nocturno','N','2022-09-11','18:00:00','24:00:00'),(161,1,1,'Maana','M','2022-09-29','18:00:00','24:00:00'),(162,1,1,'Maana','M','2022-09-29','18:00:00','24:00:00');
/*!40000 ALTER TABLE `turnos` ENABLE KEYS */;
UNLOCK TABLES;
/*!50003 SET @saved_cs_client      = @@character_set_client */ ;
/*!50003 SET @saved_cs_results     = @@character_set_results */ ;
/*!50003 SET @saved_col_connection = @@collation_connection */ ;
/*!50003 SET character_set_client  = utf8mb4 */ ;
/*!50003 SET character_set_results = utf8mb4 */ ;
/*!50003 SET collation_connection  = utf8mb4_0900_ai_ci */ ;
/*!50003 SET @saved_sql_mode       = @@sql_mode */ ;
/*!50003 SET sql_mode              = 'STRICT_TRANS_TABLES,NO_ENGINE_SUBSTITUTION' */ ;
DELIMITER ;;
/*!50003 CREATE*/ /*!50017 DEFINER=`root`@`localhost`*/ /*!50003 TRIGGER `turnos_BEFORE_INSERT` BEFORE INSERT ON `turnos` FOR EACH ROW BEGIN
    set new.nombreCorte =  upper(left(new.descripcion, 1));
END */;;
DELIMITER ;
/*!50003 SET sql_mode              = @saved_sql_mode */ ;
/*!50003 SET character_set_client  = @saved_cs_client */ ;
/*!50003 SET character_set_results = @saved_cs_results */ ;
/*!50003 SET collation_connection  = @saved_col_connection */ ;
/*!50003 SET @saved_cs_client      = @@character_set_client */ ;
/*!50003 SET @saved_cs_results     = @@character_set_results */ ;
/*!50003 SET @saved_col_connection = @@collation_connection */ ;
/*!50003 SET character_set_client  = utf8mb4 */ ;
/*!50003 SET character_set_results = utf8mb4 */ ;
/*!50003 SET collation_connection  = utf8mb4_0900_ai_ci */ ;
/*!50003 SET @saved_sql_mode       = @@sql_mode */ ;
/*!50003 SET sql_mode              = 'STRICT_TRANS_TABLES,NO_ENGINE_SUBSTITUTION' */ ;
DELIMITER ;;
/*!50003 CREATE*/ /*!50017 DEFINER=`root`@`localhost`*/ /*!50003 TRIGGER `turnos_AFTER_INSERT` AFTER INSERT ON `turnos` FOR EACH ROW BEGIN
	insert into log_table (tabla, accion, mensaje, usuario, fecha) 
    values (
		'turnos', 
        'Ingresar Valor', 
        concat('El chofer ',new.idChofer,
			' ingresara: ',new.horaIngreso,
			' saldra: ', new.horaFin,
            ' el da: ', new.fecha), 
		user(), 
        now()
    );
END */;;
DELIMITER ;
/*!50003 SET sql_mode              = @saved_sql_mode */ ;
/*!50003 SET character_set_client  = @saved_cs_client */ ;
/*!50003 SET character_set_results = @saved_cs_results */ ;
/*!50003 SET collation_connection  = @saved_col_connection */ ;

--
-- Table structure for table `viajes`
--

DROP TABLE IF EXISTS `viajes`;
/*!40101 SET @saved_cs_client     = @@character_set_client */;
/*!50503 SET character_set_client = utf8mb4 */;
CREATE TABLE `viajes` (
  `idViajes` int NOT NULL AUTO_INCREMENT,
  `idColectivo` int NOT NULL,
  `idRecorrido` int NOT NULL,
  `fecha` datetime DEFAULT NULL,
  PRIMARY KEY (`idViajes`),
  KEY `idColectivo_idx` (`idColectivo`),
  KEY `idRecorrido_idx` (`idRecorrido`),
  CONSTRAINT `idColectivo` FOREIGN KEY (`idColectivo`) REFERENCES `colectivos` (`idColectivos`),
  CONSTRAINT `idRecorrido` FOREIGN KEY (`idRecorrido`) REFERENCES `recorridos` (`idRecorridos`)
) ENGINE=InnoDB AUTO_INCREMENT=24 DEFAULT CHARSET=utf8mb4 COLLATE=utf8mb4_0900_ai_ci;
/*!40101 SET character_set_client = @saved_cs_client */;

--
-- Dumping data for table `viajes`
--

LOCK TABLES `viajes` WRITE;
/*!40000 ALTER TABLE `viajes` DISABLE KEYS */;
INSERT INTO `viajes` VALUES (1,1,1,'2022-09-01 06:00:00'),(2,3,2,'2022-09-01 06:45:00'),(3,4,3,'2022-09-01 07:30:00'),(4,1,4,'2022-09-01 08:15:00'),(5,6,5,'2022-09-01 09:00:00'),(6,11,6,'2022-09-01 09:45:00'),(7,13,7,'2022-09-01 10:30:00'),(8,4,8,'2022-09-01 11:15:00'),(9,6,9,'2022-09-01 12:00:00'),(10,5,10,'2022-09-01 12:45:00'),(11,8,11,'2022-09-01 13:30:00'),(12,10,12,'2022-09-01 14:15:00'),(13,15,13,'2022-09-01 15:00:00'),(14,18,14,'2022-09-01 15:45:00'),(15,8,15,'2022-09-01 16:30:00'),(16,5,16,'2022-09-01 17:15:00'),(17,10,17,'2022-09-01 18:00:00'),(18,2,18,'2022-09-01 18:45:00'),(19,7,19,'2022-09-01 19:30:00'),(20,12,20,'2022-09-01 20:15:00'),(21,17,21,'2022-09-01 21:00:00'),(22,19,22,'2022-09-01 21:45:00'),(23,2,23,'2022-09-01 22:30:00');
/*!40000 ALTER TABLE `viajes` ENABLE KEYS */;
UNLOCK TABLES;

--
-- Temporary view structure for view `vwcantidadasientosdisponibles`
--

DROP TABLE IF EXISTS `vwcantidadasientosdisponibles`;
/*!50001 DROP VIEW IF EXISTS `vwcantidadasientosdisponibles`*/;
SET @saved_cs_client     = @@character_set_client;
/*!50503 SET character_set_client = utf8mb4 */;
/*!50001 CREATE VIEW `vwcantidadasientosdisponibles` AS SELECT 
 1 AS `Numero_del_Colectivo`,
 1 AS `Cantidad_de_asientos_disponibles`*/;
SET character_set_client = @saved_cs_client;

--
-- Temporary view structure for view `vwcantidadboletosxboleteria`
--

DROP TABLE IF EXISTS `vwcantidadboletosxboleteria`;
/*!50001 DROP VIEW IF EXISTS `vwcantidadboletosxboleteria`*/;
SET @saved_cs_client     = @@character_set_client;
/*!50503 SET character_set_client = utf8mb4 */;
/*!50001 CREATE VIEW `vwcantidadboletosxboleteria` AS SELECT 
 1 AS `Nombre`,
 1 AS `Direccion`,
 1 AS `count(bol.nroBoleto)`*/;
SET character_set_client = @saved_cs_client;

--
-- Temporary view structure for view `vwchoferes`
--

DROP TABLE IF EXISTS `vwchoferes`;
/*!50001 DROP VIEW IF EXISTS `vwchoferes`*/;
SET @saved_cs_client     = @@character_set_client;
/*!50503 SET character_set_client = utf8mb4 */;
/*!50001 CREATE VIEW `vwchoferes` AS SELECT 
 1 AS `Nombre`,
 1 AS `Edad`,
 1 AS `Fecha_de_ingreso`,
 1 AS `Antiguedad_Dias`*/;
SET character_set_client = @saved_cs_client;

--
-- Temporary view structure for view `vwprecioxparadas`
--

DROP TABLE IF EXISTS `vwprecioxparadas`;
/*!50001 DROP VIEW IF EXISTS `vwprecioxparadas`*/;
SET @saved_cs_client     = @@character_set_client;
/*!50503 SET character_set_client = utf8mb4 */;
/*!50001 CREATE VIEW `vwprecioxparadas` AS SELECT 
 1 AS `Recorrido_Nro`,
 1 AS `Direccion_de_la_Parada`,
 1 AS `Precio`*/;
SET character_set_client = @saved_cs_client;

--
-- Temporary view structure for view `vwturnochoferes`
--

DROP TABLE IF EXISTS `vwturnochoferes`;
/*!50001 DROP VIEW IF EXISTS `vwturnochoferes`*/;
SET @saved_cs_client     = @@character_set_client;
/*!50503 SET character_set_client = utf8mb4 */;
/*!50001 CREATE VIEW `vwturnochoferes` AS SELECT 
 1 AS `Nombre`,
 1 AS `Numero_del_Colectivo`,
 1 AS `Turno`,
 1 AS `Fecha`*/;
SET character_set_client = @saved_cs_client;

--
-- Dumping events for database 'boleteria_db'
--

--
-- Dumping routines for database 'boleteria_db'
--
/*!50003 DROP FUNCTION IF EXISTS `fn_calcular_anios` */;
/*!50003 SET @saved_cs_client      = @@character_set_client */ ;
/*!50003 SET @saved_cs_results     = @@character_set_results */ ;
/*!50003 SET @saved_col_connection = @@collation_connection */ ;
/*!50003 SET character_set_client  = utf8mb4 */ ;
/*!50003 SET character_set_results = utf8mb4 */ ;
/*!50003 SET collation_connection  = utf8mb4_0900_ai_ci */ ;
/*!50003 SET @saved_sql_mode       = @@sql_mode */ ;
/*!50003 SET sql_mode              = 'STRICT_TRANS_TABLES,NO_ENGINE_SUBSTITUTION' */ ;
DELIMITER ;;
CREATE DEFINER=`root`@`localhost` FUNCTION `fn_calcular_anios`(fecha date) RETURNS int
    NO SQL
BEGIN
	declare resultado int;
    set resultado = TIMESTAMPDIFF(year, fecha, now());
RETURN resultado;
END ;;
DELIMITER ;
/*!50003 SET sql_mode              = @saved_sql_mode */ ;
/*!50003 SET character_set_client  = @saved_cs_client */ ;
/*!50003 SET character_set_results = @saved_cs_results */ ;
/*!50003 SET collation_connection  = @saved_col_connection */ ;
/*!50003 DROP FUNCTION IF EXISTS `fn_calcular_horas` */;
/*!50003 SET @saved_cs_client      = @@character_set_client */ ;
/*!50003 SET @saved_cs_results     = @@character_set_results */ ;
/*!50003 SET @saved_col_connection = @@collation_connection */ ;
/*!50003 SET character_set_client  = utf8mb4 */ ;
/*!50003 SET character_set_results = utf8mb4 */ ;
/*!50003 SET collation_connection  = utf8mb4_0900_ai_ci */ ;
/*!50003 SET @saved_sql_mode       = @@sql_mode */ ;
/*!50003 SET sql_mode              = 'STRICT_TRANS_TABLES,NO_ENGINE_SUBSTITUTION' */ ;
DELIMITER ;;
CREATE DEFINER=`root`@`localhost` FUNCTION `fn_calcular_horas`(horaini time, horafin time) RETURNS int
    NO SQL
BEGIN
	declare horas int;
    set horas = timestampdiff(hour, horaini, horafin);
RETURN horas;
END ;;
DELIMITER ;
/*!50003 SET sql_mode              = @saved_sql_mode */ ;
/*!50003 SET character_set_client  = @saved_cs_client */ ;
/*!50003 SET character_set_results = @saved_cs_results */ ;
/*!50003 SET collation_connection  = @saved_col_connection */ ;
/*!50003 DROP FUNCTION IF EXISTS `fn_horas_trabajadas_por_periodo_dias` */;
/*!50003 SET @saved_cs_client      = @@character_set_client */ ;
/*!50003 SET @saved_cs_results     = @@character_set_results */ ;
/*!50003 SET @saved_col_connection = @@collation_connection */ ;
/*!50003 SET character_set_client  = utf8mb4 */ ;
/*!50003 SET character_set_results = utf8mb4 */ ;
/*!50003 SET collation_connection  = utf8mb4_0900_ai_ci */ ;
/*!50003 SET @saved_sql_mode       = @@sql_mode */ ;
/*!50003 SET sql_mode              = 'STRICT_TRANS_TABLES,NO_ENGINE_SUBSTITUTION' */ ;
DELIMITER ;;
CREATE DEFINER=`root`@`localhost` FUNCTION `fn_horas_trabajadas_por_periodo_dias`(idch int, desde date, hasta date) RETURNS int
    READS SQL DATA
BEGIN
	declare horas_trabajadas int;
    set horas_trabajadas = (  
		select count(boleteria_db.fn_calcular_horas(t.horaIngreso, t.horaFin)) from turnos as t
        where idChofer = idch
        and t.fecha between desde and hasta
        );
RETURN horas_trabajadas;
END ;;
DELIMITER ;
/*!50003 SET sql_mode              = @saved_sql_mode */ ;
/*!50003 SET character_set_client  = @saved_cs_client */ ;
/*!50003 SET character_set_results = @saved_cs_results */ ;
/*!50003 SET collation_connection  = @saved_col_connection */ ;
/*!50003 DROP PROCEDURE IF EXISTS `sp_listar_choferes_colectivos_boleterias` */;
/*!50003 SET @saved_cs_client      = @@character_set_client */ ;
/*!50003 SET @saved_cs_results     = @@character_set_results */ ;
/*!50003 SET @saved_col_connection = @@collation_connection */ ;
/*!50003 SET character_set_client  = utf8mb4 */ ;
/*!50003 SET character_set_results = utf8mb4 */ ;
/*!50003 SET collation_connection  = utf8mb4_0900_ai_ci */ ;
/*!50003 SET @saved_sql_mode       = @@sql_mode */ ;
/*!50003 SET sql_mode              = 'STRICT_TRANS_TABLES,NO_ENGINE_SUBSTITUTION' */ ;
DELIMITER ;;
CREATE DEFINER=`root`@`localhost` PROCEDURE `sp_listar_choferes_colectivos_boleterias`(IN p_criterio varchar(20), p_orden varchar(25))
BEGIN
/*
	p_criterio -> la tabla a la que se va a listar
    p_orden -> la columna de la tabla que se va a ordenar
*/
	CASE lcase(trim(p_criterio))
    WHEN 'choferes' THEN
		SET @clausula =  concat(
        "SELECT concat(apellido,  ', ', nombre) as Nombre 
        FROM boleteria_db.choferes order by "
        , p_orden
        );
	WHEN 'colectivos' THEN
		SET @clausula =  concat(
		"SELECT marca Marca, dominio Dominio FROM boleteria_db.colectivos order by "
        , p_orden)
        ;
	WHEN 'boleterias' THEN
		SET @clausula =  concat(
        "SELECT nombre as Nombre, concat(direccion , ' ' , numero , ' - ', ucase(localidad)) as Direccion 
        FROM boleteria_db.boleterias order by "
        , p_orden)
        ; 
	ELSE
    SELECT "Parametro incorrecto" as error_msj;
		END CASE;
	PREPARE ejecutar_query FROM @clausula;
    EXECUTE ejecutar_query;
    DEALLOCATE PREPARE ejecutar_query;
END ;;
DELIMITER ;
/*!50003 SET sql_mode              = @saved_sql_mode */ ;
/*!50003 SET character_set_client  = @saved_cs_client */ ;
/*!50003 SET character_set_results = @saved_cs_results */ ;
/*!50003 SET collation_connection  = @saved_col_connection */ ;
/*!50003 DROP PROCEDURE IF EXISTS `sp_vender_boleto` */;
/*!50003 SET @saved_cs_client      = @@character_set_client */ ;
/*!50003 SET @saved_cs_results     = @@character_set_results */ ;
/*!50003 SET @saved_col_connection = @@collation_connection */ ;
/*!50003 SET character_set_client  = utf8mb4 */ ;
/*!50003 SET character_set_results = utf8mb4 */ ;
/*!50003 SET collation_connection  = utf8mb4_0900_ai_ci */ ;
/*!50003 SET @saved_sql_mode       = @@sql_mode */ ;
/*!50003 SET sql_mode              = 'STRICT_TRANS_TABLES,NO_ENGINE_SUBSTITUTION' */ ;
DELIMITER ;;
CREATE DEFINER=`root`@`localhost` PROCEDURE `sp_vender_boleto`(in nro_Boleteria int, nro_Viaje int, tipoA character)
BEGIN
	-- variables a usar, nro_colectivo guarda el id del colectivo, nro_asiento guarda el id del asiento
	declare nro_colectivo, nro_asiento, nro_boleto int;
    
    -- busca el colectivo de acuerdo al viaje seleccionado
    select v.idColectivo 
    into nro_colectivo 
    from boleteria_db.viajes as v 
    where v.idViajes = nro_Viaje;
    
    -- busca si la posicion indica se encuentra disponible en el colectivo
    if((
    select count(*) from boleteria_db.asientos as a 
    where a.estado = 1 
    and nombreCorto = tipoA 
    and a.idColectivo = nro_colectivo) >=1 ) then
		
        -- guarda el id del primer asiento que encuentra
        select a.idAsientos 
        into nro_asiento 
        from boleteria_db.asientos as a 
        where a.estado = 1 -- estado 1 cuando el asiento esta disponible
        and nombreCorto = tipoA -- nombreCorto P pasillo // V ventanilla
        and a.idColectivo = nro_colectivo 
        limit 1;
        
        -- carga en nro_boleto el nro del boleto a asignar (nroBoleto anterior + 1 )
		select max((bo.nroBoleto)+1) 
        into nro_boleto 
        from boleteria_db.boletos as bo;
        
        -- realiza el insert del boleto
		insert into boleteria_db.boletos (idAsiento, idBoleteria, idViaje, nroBoleto, fecha) 
        values (
			nro_asiento, nro_Boleteria, nro_Viaje, nro_boleto, now() 
		);
        
        -- muestra un mensaje de exito con el nro del boleto creado
        select concat("Se creo el boleto nro ", nro_boleto) as mensaje;
    else 
    
    -- muestra mensaje de error
    select "Posicion no disponible" as error_msg;
    end if;
END ;;
DELIMITER ;
/*!50003 SET sql_mode              = @saved_sql_mode */ ;
/*!50003 SET character_set_client  = @saved_cs_client */ ;
/*!50003 SET character_set_results = @saved_cs_results */ ;
/*!50003 SET collation_connection  = @saved_col_connection */ ;
/*!50003 DROP PROCEDURE IF EXISTS `sp_ver_asientos` */;
/*!50003 SET @saved_cs_client      = @@character_set_client */ ;
/*!50003 SET @saved_cs_results     = @@character_set_results */ ;
/*!50003 SET @saved_col_connection = @@collation_connection */ ;
/*!50003 SET character_set_client  = utf8mb4 */ ;
/*!50003 SET character_set_results = utf8mb4 */ ;
/*!50003 SET collation_connection  = utf8mb4_0900_ai_ci */ ;
/*!50003 SET @saved_sql_mode       = @@sql_mode */ ;
/*!50003 SET sql_mode              = 'STRICT_TRANS_TABLES,NO_ENGINE_SUBSTITUTION' */ ;
DELIMITER ;;
CREATE DEFINER=`root`@`localhost` PROCEDURE `sp_ver_asientos`(nroColectivo int)
BEGIN
select asientos 
from colectivos
inner join asientos as a
on colectivos.id_colectivos = a.id_colectivo
where colectivos.idColectivos = nroColectivos
and a.estado = 0
; 
END ;;
DELIMITER ;
/*!50003 SET sql_mode              = @saved_sql_mode */ ;
/*!50003 SET character_set_client  = @saved_cs_client */ ;
/*!50003 SET character_set_results = @saved_cs_results */ ;
/*!50003 SET collation_connection  = @saved_col_connection */ ;

--
-- Final view structure for view `vwcantidadasientosdisponibles`
--

/*!50001 DROP VIEW IF EXISTS `vwcantidadasientosdisponibles`*/;
/*!50001 SET @saved_cs_client          = @@character_set_client */;
/*!50001 SET @saved_cs_results         = @@character_set_results */;
/*!50001 SET @saved_col_connection     = @@collation_connection */;
/*!50001 SET character_set_client      = utf8mb4 */;
/*!50001 SET character_set_results     = utf8mb4 */;
/*!50001 SET collation_connection      = utf8mb4_0900_ai_ci */;
/*!50001 CREATE ALGORITHM=UNDEFINED */
/*!50013 DEFINER=`root`@`localhost` SQL SECURITY DEFINER */
/*!50001 VIEW `vwcantidadasientosdisponibles` AS select `co`.`nroUnidad` AS `Numero_del_Colectivo`,count(`a`.`estado`) AS `Cantidad_de_asientos_disponibles` from (`colectivos` `co` join `asientos` `a` on(((`co`.`idColectivos` = `a`.`idColectivo`) and (`a`.`estado` = 1)))) group by `co`.`nroUnidad` */;
/*!50001 SET character_set_client      = @saved_cs_client */;
/*!50001 SET character_set_results     = @saved_cs_results */;
/*!50001 SET collation_connection      = @saved_col_connection */;

--
-- Final view structure for view `vwcantidadboletosxboleteria`
--

/*!50001 DROP VIEW IF EXISTS `vwcantidadboletosxboleteria`*/;
/*!50001 SET @saved_cs_client          = @@character_set_client */;
/*!50001 SET @saved_cs_results         = @@character_set_results */;
/*!50001 SET @saved_col_connection     = @@collation_connection */;
/*!50001 SET character_set_client      = utf8mb4 */;
/*!50001 SET character_set_results     = utf8mb4 */;
/*!50001 SET collation_connection      = utf8mb4_0900_ai_ci */;
/*!50001 CREATE ALGORITHM=UNDEFINED */
/*!50013 DEFINER=`root`@`localhost` SQL SECURITY DEFINER */
/*!50001 VIEW `vwcantidadboletosxboleteria` AS select `bria`.`nombre` AS `Nombre`,concat(`bria`.`direccion`,' ',`bria`.`numero`) AS `Direccion`,count(`bol`.`nroBoleto`) AS `count(bol.nroBoleto)` from (`boleterias` `bria` join `boletos` `bol` on((`bria`.`idBoleterias` = `bol`.`idBoleteria`))) group by `bria`.`nombre` */;
/*!50001 SET character_set_client      = @saved_cs_client */;
/*!50001 SET character_set_results     = @saved_cs_results */;
/*!50001 SET collation_connection      = @saved_col_connection */;

--
-- Final view structure for view `vwchoferes`
--

/*!50001 DROP VIEW IF EXISTS `vwchoferes`*/;
/*!50001 SET @saved_cs_client          = @@character_set_client */;
/*!50001 SET @saved_cs_results         = @@character_set_results */;
/*!50001 SET @saved_col_connection     = @@collation_connection */;
/*!50001 SET character_set_client      = utf8mb4 */;
/*!50001 SET character_set_results     = utf8mb4 */;
/*!50001 SET collation_connection      = utf8mb4_0900_ai_ci */;
/*!50001 CREATE ALGORITHM=UNDEFINED */
/*!50013 DEFINER=`root`@`localhost` SQL SECURITY DEFINER */
/*!50001 VIEW `vwchoferes` AS select concat(`ch`.`apellido`,', ',`ch`.`nombre`) AS `Nombre`,timestampdiff(YEAR,`ch`.`fechaNac`,now()) AS `Edad`,`ch`.`fechaIngr` AS `Fecha_de_ingreso`,timestampdiff(DAY,`ch`.`fechaIngr`,now()) AS `Antiguedad_Dias` from `choferes` `ch` */;
/*!50001 SET character_set_client      = @saved_cs_client */;
/*!50001 SET character_set_results     = @saved_cs_results */;
/*!50001 SET collation_connection      = @saved_col_connection */;

--
-- Final view structure for view `vwprecioxparadas`
--

/*!50001 DROP VIEW IF EXISTS `vwprecioxparadas`*/;
/*!50001 SET @saved_cs_client          = @@character_set_client */;
/*!50001 SET @saved_cs_results         = @@character_set_results */;
/*!50001 SET @saved_col_connection     = @@collation_connection */;
/*!50001 SET character_set_client      = utf8mb4 */;
/*!50001 SET character_set_results     = utf8mb4 */;
/*!50001 SET collation_connection      = utf8mb4_0900_ai_ci */;
/*!50001 CREATE ALGORITHM=UNDEFINED */
/*!50013 DEFINER=`root`@`localhost` SQL SECURITY DEFINER */
/*!50001 VIEW `vwprecioxparadas` AS select `re`.`idRecorridos` AS `Recorrido_Nro`,concat(`pa`.`direccion`,' ',`pa`.`numero`,' - ',`pa`.`localidad`) AS `Direccion_de_la_Parada`,`t`.`precio` AS `Precio` from ((`recorridos` `re` join `paradas` `pa`) join `tarifas` `t` on(((`re`.`idRecorridos` = `pa`.`idRecorrido`) and (`re`.`idRecorridos` = `t`.`idRecorrido`)))) */;
/*!50001 SET character_set_client      = @saved_cs_client */;
/*!50001 SET character_set_results     = @saved_cs_results */;
/*!50001 SET collation_connection      = @saved_col_connection */;

--
-- Final view structure for view `vwturnochoferes`
--

/*!50001 DROP VIEW IF EXISTS `vwturnochoferes`*/;
/*!50001 SET @saved_cs_client          = @@character_set_client */;
/*!50001 SET @saved_cs_results         = @@character_set_results */;
/*!50001 SET @saved_col_connection     = @@collation_connection */;
/*!50001 SET character_set_client      = utf8mb4 */;
/*!50001 SET character_set_results     = utf8mb4 */;
/*!50001 SET collation_connection      = utf8mb4_0900_ai_ci */;
/*!50001 CREATE ALGORITHM=UNDEFINED */
/*!50013 DEFINER=`root`@`localhost` SQL SECURITY DEFINER */
/*!50001 VIEW `vwturnochoferes` AS select concat(`ch`.`apellido`,', ',`ch`.`nombre`) AS `Nombre`,`co`.`nroUnidad` AS `Numero_del_Colectivo`,`t`.`descripcion` AS `Turno`,`t`.`fecha` AS `Fecha` from ((`choferes` `ch` join `turnos` `t`) join `colectivos` `co` on(((`ch`.`idChoferes` = `t`.`idChofer`) and (`co`.`idColectivos` = `t`.`idColectivo`)))) order by `t`.`fecha` */;
/*!50001 SET character_set_client      = @saved_cs_client */;
/*!50001 SET character_set_results     = @saved_cs_results */;
/*!50001 SET collation_connection      = @saved_col_connection */;
/*!40103 SET TIME_ZONE=@OLD_TIME_ZONE */;

/*!40101 SET SQL_MODE=@OLD_SQL_MODE */;
/*!40014 SET FOREIGN_KEY_CHECKS=@OLD_FOREIGN_KEY_CHECKS */;
/*!40014 SET UNIQUE_CHECKS=@OLD_UNIQUE_CHECKS */;
/*!40101 SET CHARACTER_SET_CLIENT=@OLD_CHARACTER_SET_CLIENT */;
/*!40101 SET CHARACTER_SET_RESULTS=@OLD_CHARACTER_SET_RESULTS */;
/*!40101 SET COLLATION_CONNECTION=@OLD_COLLATION_CONNECTION */;
/*!40111 SET SQL_NOTES=@OLD_SQL_NOTES */;

-- Dump completed on 2022-10-20 22:04:52
